-- MySQL dump 10.13  Distrib 5.7.19, for Linux (x86_64)
--
-- Host: localhost    Database: pisnoka
-- ------------------------------------------------------
-- Server version	5.7.19-0ubuntu0.16.04.1

/*!40101 SET @OLD_CHARACTER_SET_CLIENT=@@CHARACTER_SET_CLIENT */;
/*!40101 SET @OLD_CHARACTER_SET_RESULTS=@@CHARACTER_SET_RESULTS */;
/*!40101 SET @OLD_COLLATION_CONNECTION=@@COLLATION_CONNECTION */;
/*!40101 SET NAMES utf8mb4 */;
/*!40103 SET @OLD_TIME_ZONE=@@TIME_ZONE */;
/*!40103 SET TIME_ZONE='+00:00' */;
/*!40014 SET @OLD_UNIQUE_CHECKS=@@UNIQUE_CHECKS, UNIQUE_CHECKS=0 */;
/*!40014 SET @OLD_FOREIGN_KEY_CHECKS=@@FOREIGN_KEY_CHECKS, FOREIGN_KEY_CHECKS=0 */;
/*!40101 SET @OLD_SQL_MODE=@@SQL_MODE, SQL_MODE='NO_AUTO_VALUE_ON_ZERO' */;
/*!40111 SET @OLD_SQL_NOTES=@@SQL_NOTES, SQL_NOTES=0 */;

--
-- Table structure for table `admins`
--

DROP TABLE IF EXISTS `admins`;
/*!40101 SET @saved_cs_client     = @@character_set_client */;
/*!40101 SET character_set_client = utf8mb4 */;
CREATE TABLE `admins` (
  `id` int(10) unsigned NOT NULL AUTO_INCREMENT,
  `role_id` int(11) DEFAULT NULL,
  `name` varchar(191) COLLATE utf8mb4_unicode_ci NOT NULL,
  `email` varchar(191) COLLATE utf8mb4_unicode_ci NOT NULL,
  `avatar` varchar(191) COLLATE utf8mb4_unicode_ci DEFAULT NULL,
  `status` tinyint(4) NOT NULL DEFAULT '1',
  `password` varchar(191) COLLATE utf8mb4_unicode_ci NOT NULL,
  `remember_token` varchar(100) COLLATE utf8mb4_unicode_ci DEFAULT NULL,
  `created_at` timestamp NULL DEFAULT NULL,
  `updated_at` timestamp NULL DEFAULT NULL,
  PRIMARY KEY (`id`),
  UNIQUE KEY `admins_email_unique` (`email`)
) ENGINE=InnoDB AUTO_INCREMENT=3 DEFAULT CHARSET=utf8mb4 COLLATE=utf8mb4_unicode_ci;
/*!40101 SET character_set_client = @saved_cs_client */;

--
-- Dumping data for table `admins`
--

LOCK TABLES `admins` WRITE;
/*!40000 ALTER TABLE `admins` DISABLE KEYS */;
INSERT INTO `admins` VALUES (1,1,'rovinei','ro.vinei@yahoo.com','users/default.png',1,'$2y$10$kyustb4GBpz7xIeAVpCSoes0Il6cB//NHSyTfUT3.ArfdQ4HoQYRK',NULL,'2017-08-11 09:10:59','2017-08-11 09:25:59'),(2,1,'DJ. Khalid','dj.khalid@gmail.com','users/August2017/8kWaBPIguA6EsAEOWiIk.png',1,'$2y$10$slQR/O/jrzCw29oPEJeGfutMU3soeLfGLIDfZdnMYhECLIkPNaIoW',NULL,'2017-08-16 13:24:21','2017-08-16 13:25:20');
/*!40000 ALTER TABLE `admins` ENABLE KEYS */;
UNLOCK TABLES;

--
-- Table structure for table `categories`
--

DROP TABLE IF EXISTS `categories`;
/*!40101 SET @saved_cs_client     = @@character_set_client */;
/*!40101 SET character_set_client = utf8mb4 */;
CREATE TABLE `categories` (
  `id` int(10) unsigned NOT NULL AUTO_INCREMENT,
  `parent_id` int(10) unsigned DEFAULT NULL,
  `order` int(11) NOT NULL DEFAULT '1',
  `name` varchar(191) COLLATE utf8mb4_unicode_ci NOT NULL,
  `slug` varchar(191) COLLATE utf8mb4_unicode_ci NOT NULL,
  `created_at` timestamp NULL DEFAULT NULL,
  `updated_at` timestamp NULL DEFAULT NULL,
  `model_type` varchar(255) COLLATE utf8mb4_unicode_ci DEFAULT 'BLOG',
  PRIMARY KEY (`id`),
  UNIQUE KEY `categories_slug_unique` (`slug`),
  KEY `categories_parent_id_foreign` (`parent_id`),
  CONSTRAINT `categories_parent_id_foreign` FOREIGN KEY (`parent_id`) REFERENCES `categories` (`id`) ON DELETE SET NULL ON UPDATE CASCADE
) ENGINE=InnoDB AUTO_INCREMENT=7 DEFAULT CHARSET=utf8mb4 COLLATE=utf8mb4_unicode_ci;
/*!40101 SET character_set_client = @saved_cs_client */;

--
-- Dumping data for table `categories`
--

LOCK TABLES `categories` WRITE;
/*!40000 ALTER TABLE `categories` DISABLE KEYS */;
INSERT INTO `categories` VALUES (1,NULL,1,'Trend','trend','2017-08-11 16:37:15','2017-08-17 13:17:31','BLOG'),(2,NULL,1,'Website','website','2017-08-11 16:38:06','2017-08-17 13:17:52','_empty_'),(3,NULL,1,'Design','design','2017-08-11 16:38:42','2017-08-17 13:13:50','BLOG'),(4,NULL,1,'Expertise','expertise','2017-08-20 07:52:28','2017-08-20 07:52:28','SERVICE'),(5,NULL,1,'ARCHITECT','architect','2017-08-21 10:31:53','2017-08-21 10:31:53','PROJECT'),(6,NULL,1,'INTERIOR','interior','2017-08-21 10:33:15','2017-08-21 10:33:15','PROJECT');
/*!40000 ALTER TABLE `categories` ENABLE KEYS */;
UNLOCK TABLES;

--
-- Table structure for table `contents`
--

DROP TABLE IF EXISTS `contents`;
/*!40101 SET @saved_cs_client     = @@character_set_client */;
/*!40101 SET character_set_client = utf8mb4 */;
CREATE TABLE `contents` (
  `id` int(10) unsigned NOT NULL AUTO_INCREMENT,
  `title` varchar(255) COLLATE utf8mb4_unicode_ci DEFAULT NULL,
  `slug` varchar(255) COLLATE utf8mb4_unicode_ci DEFAULT NULL,
  `body` text COLLATE utf8mb4_unicode_ci,
  `image` longtext COLLATE utf8mb4_unicode_ci,
  `status` varchar(255) COLLATE utf8mb4_unicode_ci DEFAULT 'DRAFT',
  `is_featured` tinyint(3) unsigned DEFAULT NULL,
  `excerpt` longtext COLLATE utf8mb4_unicode_ci,
  `meta_description` longtext COLLATE utf8mb4_unicode_ci,
  `meta_keyword` longtext COLLATE utf8mb4_unicode_ci,
  `seo_title` varchar(255) COLLATE utf8mb4_unicode_ci DEFAULT NULL,
  `created_by` int(10) unsigned DEFAULT NULL,
  `updated_by` int(10) unsigned DEFAULT NULL,
  `created_at` timestamp NULL DEFAULT NULL,
  `updated_at` timestamp NULL DEFAULT NULL,
  `section` varchar(255) COLLATE utf8mb4_unicode_ci DEFAULT NULL,
  `order` int(10) unsigned DEFAULT '1',
  PRIMARY KEY (`id`)
) ENGINE=InnoDB AUTO_INCREMENT=10 DEFAULT CHARSET=utf8mb4 COLLATE=utf8mb4_unicode_ci;
/*!40101 SET character_set_client = @saved_cs_client */;

--
-- Dumping data for table `contents`
--

LOCK TABLES `contents` WRITE;
/*!40000 ALTER TABLE `contents` DISABLE KEYS */;
INSERT INTO `contents` VALUES (1,'WE ARE PASSIONATE','we-are-passionate','<p>Sed ut perspiciatis unde omnis iste natus error sit voluptatem accusantium doloremque laudantium, totam rem aperiam, eaque ipsa quae ab illo inventore veritatis et quasi architecto beatae vitae dicta sunt explicabo. Nemo enim ipsam voluptatem quia voluptas sit aspernatur aut odit aut fugit, sed quia consequuntur magni dolores eos qui ratione voluptatem sequi nesciunt. Neque porro quisquam est, qui dolorem ipsum quia dolor sit amet, consectetur, adipisci velit, sed quia non numquam eius modi tempora incidunt ut labore et dolore magnam aliquam quaerat voluptatem. Ut enim ad minima veniam.</p>','/storage/uploads/images/content/img-service-3.jpg','PUBLISHED',1,'Sed ut perspiciatis unde omnis iste natus error sit voluptatem accusantium doloremque laudantium, totam rem aperiam, eaque ipsa quae ab illo inventore veritatis et quasi architecto beatae vitae dicta sunt explicabo. Nemo enim ipsam voluptatem quia voluptas sit aspernatur aut odit aut fugit, sed quia consequuntur magni dolores eos qui ratione voluptatem sequi nesciunt. Neque porro quisquam est, qui dolorem ipsum quia dolor sit amet, consectetur, adipisci velit, sed quia non numquam eius modi tempora incidunt ut labore et dolore magnam aliquam quaerat voluptatem. Ut enim ad minima veniam.','Sed ut perspiciatis unde omnis iste natus error sit voluptatem accusantium doloremque laudantium, totam rem aperiam, eaque ipsa quae ab illo inventore veritatis et quasi architecto beatae vitae dicta sunt explicabo. Nemo enim ipsam voluptatem quia voluptas sit aspernatur aut odit aut fugit, sed quia consequuntur magni dolores eos qui ratione voluptatem sequi nesciunt. Neque porro quisquam est, qui dolorem ipsum quia dolor sit amet, consectetur, adipisci velit, sed quia non numquam eius modi tempora incidunt ut labore et dolore magnam aliquam quaerat voluptatem. Ut enim ad minima veniam.',NULL,NULL,1,NULL,'2017-08-21 23:24:18','2017-08-21 23:24:18','VISION',1),(2,'HONEST AND CAPABLE','honest-and-capable','<p>Sed ut perspiciatis unde omnis iste natus error sit voluptatem accusantium doloremque laudantium, totam rem aperiam, eaque ipsa quae ab illo inventore veritatis et quasi architecto beatae vitae dicta sunt explicabo. Nemo enim ipsam voluptatem quia voluptas sit aspernatur aut odit aut fugit, sed quia consequuntur magni dolores eos qui ratione voluptatem sequi nesciunt. Neque porro quisquam est, qui dolorem ipsum quia dolor sit amet, consectetur, adipisci velit, sed quia non numquam eius modi tempora incidunt ut labore et dolore magnam aliquam quaerat voluptatem. Ut enim ad minima veniam.</p>','/storage/uploads/images/content/img-service-2.jpg','PUBLISHED',1,'Sed ut perspiciatis unde omnis iste natus error sit voluptatem accusantium doloremque laudantium, totam rem aperiam, eaque ipsa quae ab illo inventore veritatis et quasi architecto beatae vitae dicta sunt explicabo. Nemo enim ipsam voluptatem quia voluptas sit aspernatur aut odit aut fugit, sed quia consequuntur magni dolores eos qui ratione voluptatem sequi nesciunt. Neque porro quisquam est, qui dolorem ipsum quia dolor sit amet, consectetur, adipisci velit, sed quia non numquam eius modi tempora incidunt ut labore et dolore magnam aliquam quaerat voluptatem. Ut enim ad minima veniam.','Sed ut perspiciatis unde omnis iste natus error sit voluptatem accusantium doloremque laudantium, totam rem aperiam, eaque ipsa quae ab illo inventore veritatis et quasi architecto beatae vitae dicta sunt explicabo. Nemo enim ipsam voluptatem quia voluptas sit aspernatur aut odit aut fugit, sed quia consequuntur magni dolores eos qui ratione voluptatem sequi nesciunt. Neque porro quisquam est, qui dolorem ipsum quia dolor sit amet, consectetur, adipisci velit, sed quia non numquam eius modi tempora incidunt ut labore et dolore magnam aliquam quaerat voluptatem. Ut enim ad minima veniam.',NULL,NULL,1,NULL,'2017-08-21 23:26:24','2017-08-21 23:26:24','VISION',1),(3,'WE BUILD YOUR DREAM','we-build-your-dream','<p>Sed ut perspiciatis unde omnis iste natus error sit voluptatem accusantium doloremque laudantium, totam rem aperiam, eaque ipsa quae ab illo inventore veritatis et quasi architecto beatae vitae dicta sunt explicabo. Nemo enim ipsam voluptatem quia voluptas sit aspernatur aut odit aut fugit, sed quia consequuntur magni dolores eos qui ratione voluptatem sequi nesciunt. Neque porro quisquam est, qui dolorem ipsum quia dolor sit amet, consectetur, adipisci velit, sed quia non numquam eius modi tempora incidunt ut labore et dolore magnam aliquam quaerat voluptatem. Ut enim ad minima veniam.</p>','/storage/uploads/images/content/img-service-1.jpg','PUBLISHED',1,'Sed ut perspiciatis unde omnis iste natus error sit voluptatem accusantium doloremque laudantium, totam rem aperiam, eaque ipsa quae ab illo inventore veritatis et quasi architecto beatae vitae dicta sunt explicabo. Nemo enim ipsam voluptatem quia voluptas sit aspernatur aut odit aut fugit, sed quia consequuntur magni dolores eos qui ratione voluptatem sequi nesciunt. Neque porro quisquam est, qui dolorem ipsum quia dolor sit amet, consectetur, adipisci velit, sed quia non numquam eius modi tempora incidunt ut labore et dolore magnam aliquam quaerat voluptatem. Ut enim ad minima veniam.','Sed ut perspiciatis unde omnis iste natus error sit voluptatem accusantium doloremque laudantium, totam rem aperiam, eaque ipsa quae ab illo inventore veritatis et quasi architecto beatae vitae dicta sunt explicabo. Nemo enim ipsam voluptatem quia voluptas sit aspernatur aut odit aut fugit, sed quia consequuntur magni dolores eos qui ratione voluptatem sequi nesciunt. Neque porro quisquam est, qui dolorem ipsum quia dolor sit amet, consectetur, adipisci velit, sed quia non numquam eius modi tempora incidunt ut labore et dolore magnam aliquam quaerat voluptatem. Ut enim ad minima veniam.',NULL,NULL,1,NULL,'2017-08-21 23:27:10','2017-08-21 23:27:10','VISION',1),(4,'Who we are','who-we-are','<p><em>Nemo enim ipsam voluptatem quia voluptas sit aspernatur aut odit aut fugit, quasi architecto beatae vitae dicta sunt explicabo.</em></p>\r\n<p>Etiam purus lorem, aliquet a eros sit amet, vestibulum finibus augue. Cras egestas neque vitae dui tincidunt, vitae tristique tellus volutpat. Fusce justo ante, interdum Praesent vel augue rutrum, scelerisque velit non, interdum nisl. Nunc acumsan comodo.</p>','/storage/uploads/images/fullimage1.jpg','PUBLISHED',1,'Nemo enim ipsam voluptatem quia voluptas sit aspernatur aut odit aut fugit, quasi architecto beatae vitae dicta sunt explicabo.\r\nEtiam purus lorem, aliquet a eros sit amet, vestibulum finibus augue. Cras egestas neque vitae dui tincidunt, vitae tristique tellus volutpat. Fusce justo ante, interdum Praesent vel augue rutrum, scelerisque velit non, interdum nisl. Nunc acumsan comodo.','Nemo enim ipsam voluptatem quia voluptas sit aspernatur aut odit aut fugit, quasi architecto beatae vitae dicta sunt explicabo.\r\nEtiam purus lorem, aliquet a eros sit amet, vestibulum finibus augue. Cras egestas neque vitae dui tincidunt, vitae tristique tellus volutpat. Fusce justo ante, interdum Praesent vel augue rutrum, scelerisque velit non, interdum nisl. Nunc acumsan comodo.',NULL,NULL,1,NULL,'2017-08-21 23:28:24','2017-08-21 23:28:24','WHOWEARE',1),(5,'Our History','our-history','<p>Etiam purus lorem, aliquet a eros sit amet, vestibulum finibus augue. Cras egestas neque vitae dui tincidunt, vitae tristique tellus volutpat. Fusce justo ante, interdum Praesent vel augue rutrum, scelerisque velit non, interdum nisl. Nunc acumsan comodo. Sed non mauris vitae erat consequat auctor eu in elit. Mauris in erat justo. Nullam ac urna. Nam nec tellus a odio tincidunt auctor.</p>','/storage/uploads/images/fullimage1.jpg','PUBLISHED',1,'Etiam purus lorem, aliquet a eros sit amet, vestibulum finibus augue. Cras egestas neque vitae dui tincidunt, vitae tristique tellus volutpat. Fusce justo ante, interdum Praesent vel augue rutrum, scelerisque velit non, interdum nisl. Nunc acumsan comodo. Sed non mauris vitae erat consequat auctor eu in elit. Mauris in erat justo. Nullam ac urna. Nam nec tellus a odio tincidunt auctor.','Etiam purus lorem, aliquet a eros sit amet, vestibulum finibus augue. Cras egestas neque vitae dui tincidunt, vitae tristique tellus volutpat. Fusce justo ante, interdum Praesent vel augue rutrum, scelerisque velit non, interdum nisl. Nunc acumsan comodo. Sed non mauris vitae erat consequat auctor eu in elit. Mauris in erat justo. Nullam ac urna. Nam nec tellus a odio tincidunt auctor.',NULL,NULL,1,NULL,'2017-08-21 23:30:56','2017-08-21 23:30:56','HISTORY',1),(6,'Quality','quality','<p>Maecenas justo neque, efficitur sit amet scelerisque eu, ornare a justo. Morbi scelerisque ex ut consequat vestibulum. Cum sociis natoque penatibus et magnis dis parturient montes, nascetur ridiculus mus. Praesent vel augue rutrum, scelerisque velit non, interdum nisl. Etiam purus lorem, aliquet a eros sit amet, vestibulum finibus augue. Cras egestas neque vitae dui tincidunt, vitae tristique tellus volutpat. Fusce justo ante, interdum in augue in, commodo imperdiet turpis.</p>','/storage/uploads/images/fullimage1.jpg','PUBLISHED',1,'Maecenas justo neque, efficitur sit amet scelerisque eu, ornare a justo. Morbi scelerisque ex ut consequat vestibulum. Cum sociis natoque penatibus et magnis dis parturient montes, nascetur ridiculus mus. Praesent vel augue rutrum, scelerisque velit non, interdum nisl. Etiam purus lorem, aliquet a eros sit amet, vestibulum finibus augue. Cras egestas neque vitae dui tincidunt, vitae tristique tellus volutpat. Fusce justo ante, interdum in augue in, commodo imperdiet turpis.',NULL,NULL,NULL,1,NULL,'2017-08-22 08:27:38','2017-08-22 08:27:38','WHYUS',1),(7,'Safe','safe','<p>Etiam purus lorem, aliquet a eros sit amet, vestibulum finibus augue. Cras egestas neque vitae dui tincidunt, vitae tristique tellus volutpat. Fusce justo ante, interdum in augue in, commodo imperdiet turpis. Morbi scelerisque ex ut consequat vestibulum. Cum sociis natoque penatibus et magnis dis parturient montes, nascetur ridiculus mus. Praesent vel augue rutrum, scelerisque velit non, interdum nisl. Etiam purus lorem, aliquet a eros sit amet, vestibulum finibus augue. Cras egestas neque vitae dui tincidunt, vitae tristique tellus volutpat. Fusce justo ante, interdum in augue in, commodo imperdiet turpis.</p>','/storage/uploads/images/fullimage1.jpg','PUBLISHED',1,'Etiam purus lorem, aliquet a eros sit amet, vestibulum finibus augue. Cras egestas neque vitae dui tincidunt, vitae tristique tellus volutpat. Fusce justo ante, interdum in augue in, commodo imperdiet turpis. Morbi scelerisque ex ut consequat vestibulum. Cum sociis natoque penatibus et magnis dis parturient montes, nascetur ridiculus mus. Praesent vel augue rutrum, scelerisque velit non, interdum nisl. Etiam purus lorem, aliquet a eros sit amet, vestibulum finibus augue. Cras egestas neque vitae dui tincidunt, vitae tristique tellus volutpat. Fusce justo ante, interdum in augue in, commodo imperdiet turpis.',NULL,NULL,NULL,1,NULL,'2017-08-22 08:28:46','2017-08-22 09:04:59','WHYUS',2),(8,'Schedule','schedule','<p>Morbi scelerisque ex ut consequat vestibulum. Cras egestas neque vitae dui tincidunt, vitae tristique tellus volutpat. Fusce justo ante, interdum in augue in, commodo imperdiet turpis. Maecenas justo neque, efficitur sit amet scelerisque eu, ornare a justo. Cum sociis natoque penatibus et magnis dis parturient montes, nascetur ridiculus mus. Praesent vel augue rutrum, scelerisque velit non, interdum nisl. Etiam purus lorem, aliquet a eros sit amet, vestibulum finibus augue. Cras egestas neque vitae dui tincidunt, vitae tristique tellus volutpat. Fusce justo ante, interdum in augue in, commodo imperdiet turpis.</p>','/storage/uploads/images/fullimage1.jpg','PUBLISHED',1,'Morbi scelerisque ex ut consequat vestibulum. Cras egestas neque vitae dui tincidunt, vitae tristique tellus volutpat. Fusce justo ante, interdum in augue in, commodo imperdiet turpis. Maecenas justo neque, efficitur sit amet scelerisque eu, ornare a justo. Cum sociis natoque penatibus et magnis dis parturient montes, nascetur ridiculus mus. Praesent vel augue rutrum, scelerisque velit non, interdum nisl. Etiam purus lorem, aliquet a eros sit amet, vestibulum finibus augue. Cras egestas neque vitae dui tincidunt, vitae tristique tellus volutpat. Fusce justo ante, interdum in augue in, commodo imperdiet turpis.',NULL,NULL,NULL,1,NULL,'2017-08-22 08:29:50','2017-08-22 09:05:08','WHYUS',3),(9,'Budget','budget','<p>Praesent vel augue rutrum, scelerisque velit non, interdum nisl. Fusce justo ante, interdum in augue in, commodo imperdiet turpis. Maecenas justo neque, efficitur sit amet scelerisque eu, ornare a justo. Morbi scelerisque ex ut consequat vestibulum. Cum sociis natoque penatibus et magnis dis parturient montes, nascetur ridiculus mus. Praesent vel augue rutrum, scelerisque velit non, interdum nisl. Etiam purus lorem, aliquet a eros sit amet, vestibulum finibus augue. Cras egestas neque vitae dui tincidunt, vitae tristique tellus volutpat. Fusce justo ante, interdum in augue in, commodo imperdiet turpis.</p>','/storage/uploads/images/fullimage1.jpg','PUBLISHED',1,'Praesent vel augue rutrum, scelerisque velit non, interdum nisl. Fusce justo ante, interdum in augue in, commodo imperdiet turpis. Maecenas justo neque, efficitur sit amet scelerisque eu, ornare a justo. Morbi scelerisque ex ut consequat vestibulum. Cum sociis natoque penatibus et magnis dis parturient montes, nascetur ridiculus mus. Praesent vel augue rutrum, scelerisque velit non, interdum nisl. Etiam purus lorem, aliquet a eros sit amet, vestibulum finibus augue. Cras egestas neque vitae dui tincidunt, vitae tristique tellus volutpat. Fusce justo ante, interdum in augue in, commodo imperdiet turpis.',NULL,NULL,NULL,1,NULL,'2017-08-22 08:31:01','2017-08-22 09:05:16','WHYUS',4);
/*!40000 ALTER TABLE `contents` ENABLE KEYS */;
UNLOCK TABLES;

--
-- Table structure for table `data_rows`
--

DROP TABLE IF EXISTS `data_rows`;
/*!40101 SET @saved_cs_client     = @@character_set_client */;
/*!40101 SET character_set_client = utf8mb4 */;
CREATE TABLE `data_rows` (
  `id` int(10) unsigned NOT NULL AUTO_INCREMENT,
  `data_type_id` int(10) unsigned NOT NULL,
  `field` varchar(191) COLLATE utf8mb4_unicode_ci NOT NULL,
  `type` varchar(191) COLLATE utf8mb4_unicode_ci NOT NULL,
  `display_name` varchar(191) COLLATE utf8mb4_unicode_ci NOT NULL,
  `required` tinyint(1) NOT NULL DEFAULT '0',
  `browse` tinyint(1) NOT NULL DEFAULT '1',
  `read` tinyint(1) NOT NULL DEFAULT '1',
  `edit` tinyint(1) NOT NULL DEFAULT '1',
  `add` tinyint(1) NOT NULL DEFAULT '1',
  `delete` tinyint(1) NOT NULL DEFAULT '1',
  `details` text COLLATE utf8mb4_unicode_ci,
  `order` int(11) NOT NULL DEFAULT '1',
  PRIMARY KEY (`id`),
  KEY `data_rows_data_type_id_foreign` (`data_type_id`),
  CONSTRAINT `data_rows_data_type_id_foreign` FOREIGN KEY (`data_type_id`) REFERENCES `data_types` (`id`) ON DELETE CASCADE ON UPDATE CASCADE
) ENGINE=InnoDB AUTO_INCREMENT=166 DEFAULT CHARSET=utf8mb4 COLLATE=utf8mb4_unicode_ci;
/*!40101 SET character_set_client = @saved_cs_client */;

--
-- Dumping data for table `data_rows`
--

LOCK TABLES `data_rows` WRITE;
/*!40000 ALTER TABLE `data_rows` DISABLE KEYS */;
INSERT INTO `data_rows` VALUES (1,1,'id','number','ID',1,0,0,0,0,0,NULL,1),(2,1,'author_id','text','Author',1,0,1,1,0,1,NULL,2),(3,1,'category_id','text','Category',0,0,1,1,1,0,NULL,3),(4,1,'title','text','Title',1,1,1,1,1,1,NULL,4),(5,1,'excerpt','text_area','Excerpt',1,0,1,1,1,1,NULL,5),(6,1,'body','rich_text_box','Body',1,0,1,1,1,1,NULL,6),(7,1,'image','hidden','Post Image',0,1,1,1,1,1,'{\"resize\":{\"width\":\"1000\",\"height\":\"null\"},\"quality\":\"70%\",\"upsize\":true,\"thumbnails\":[{\"name\":\"medium\",\"scale\":\"50%\"},{\"name\":\"small\",\"scale\":\"25%\"},{\"name\":\"cropped\",\"crop\":{\"width\":\"300\",\"height\":\"250\"}}]}',7),(8,1,'slug','text','Slug Url',1,0,1,1,1,1,'{\"slugify\":{\"origin\":\"title\",\"forceUpdate\":true}}',8),(9,1,'meta_description','text_area','Meta Description',1,0,1,1,1,1,NULL,9),(10,1,'meta_keywords','text_area','Meta Keywords',1,0,1,1,1,1,NULL,10),(11,1,'status','select_dropdown','Status',1,1,1,1,1,1,'{\"default\":\"DRAFT\",\"options\":{\"PUBLISHED\":\"published\",\"DRAFT\":\"draft\",\"PENDING\":\"pending\"}}',11),(12,1,'created_at','timestamp','Created At',0,1,1,0,0,0,NULL,12),(13,1,'updated_at','timestamp','Updated At',0,0,0,0,0,0,NULL,13),(14,2,'id','number','id',1,0,0,0,0,0,'',1),(15,2,'author_id','text','author_id',1,0,0,0,0,0,'',2),(16,2,'title','text','title',1,1,1,1,1,1,'',3),(17,2,'excerpt','text_area','excerpt',1,0,1,1,1,1,'',4),(18,2,'body','rich_text_box','body',1,0,1,1,1,1,'',5),(19,2,'slug','text','slug',1,0,1,1,1,1,'{\"slugify\":{\"origin\":\"title\"}}',6),(20,2,'meta_description','text','meta_description',1,0,1,1,1,1,'',7),(21,2,'meta_keywords','text','meta_keywords',1,0,1,1,1,1,'',8),(22,2,'status','select_dropdown','status',1,1,1,1,1,1,'{\"default\":\"INACTIVE\",\"options\":{\"INACTIVE\":\"INACTIVE\",\"ACTIVE\":\"ACTIVE\"}}',9),(23,2,'created_at','timestamp','created_at',1,1,1,0,0,0,'',10),(24,2,'updated_at','timestamp','updated_at',1,0,0,0,0,0,'',11),(25,2,'image','image','image',0,1,1,1,1,1,'',12),(26,3,'id','number','id',1,0,0,0,0,0,'',1),(27,3,'name','text','name',1,1,1,1,1,1,'',2),(28,3,'email','text','email',1,1,1,1,1,1,'',3),(29,3,'password','password','password',1,0,0,1,1,0,'',4),(30,3,'remember_token','text','remember_token',0,0,0,0,0,0,'',5),(31,3,'created_at','timestamp','created_at',0,1,1,0,0,0,'',6),(32,3,'updated_at','timestamp','updated_at',0,0,0,0,0,0,'',7),(33,3,'avatar','image','avatar',0,1,1,1,1,1,'',8),(34,5,'id','number','id',1,0,0,0,0,0,'',1),(35,5,'name','text','name',1,1,1,1,1,1,'',2),(36,5,'created_at','timestamp','created_at',0,0,0,0,0,0,'',3),(37,5,'updated_at','timestamp','updated_at',0,0,0,0,0,0,'',4),(38,4,'id','number','id',1,0,0,0,0,0,NULL,1),(39,4,'parent_id','select_dropdown','parent_id',0,0,1,1,1,1,'{\"default\":\"\",\"null\":\"\",\"options\":{\"\":\"-- None --\"},\"relationship\":{\"key\":\"id\",\"label\":\"name\"}}',5),(40,4,'order','text','order',1,1,1,1,1,1,'{\"default\":1}',6),(41,4,'name','text','name',1,1,1,1,1,1,NULL,2),(42,4,'slug','text','slug',1,1,1,1,1,1,NULL,3),(43,4,'created_at','timestamp','created_at',0,0,1,0,0,0,NULL,7),(44,4,'updated_at','timestamp','updated_at',0,0,0,0,0,0,NULL,8),(45,6,'id','number','id',1,0,0,0,0,0,'',1),(46,6,'name','text','Name',1,1,1,1,1,1,'',2),(47,6,'created_at','timestamp','created_at',0,0,0,0,0,0,'',3),(48,6,'updated_at','timestamp','updated_at',0,0,0,0,0,0,'',4),(49,6,'display_name','text','Display Name',1,1,1,1,1,1,'',5),(50,1,'seo_title','text','Seo Title',0,0,1,1,1,1,NULL,14),(51,1,'featured','checkbox','Featured ?',1,1,1,1,1,1,NULL,15),(52,3,'role_id','text','role_id',1,1,1,1,1,1,'',9),(53,4,'model_type','select_dropdown','Type',0,1,1,1,1,1,'{\"default\":\"\",\"null\":\"\",\"options\":{\"\":\"-- None --\",\"SERVICE\":\"Service\",\"PROJECT\":\"Project\",\"BLOG\":\"Blog\"}}',4),(54,7,'id','number','Id',1,0,1,0,0,0,NULL,1),(55,7,'title','text','Title',0,1,1,1,1,1,NULL,2),(56,7,'slug','text','Slug',0,0,1,1,1,1,'{\"slugify\":{\"origin\":\"title\",\"forceUpdate\":true}}',3),(57,7,'content','rich_text_box','Body',0,0,1,1,1,1,NULL,4),(58,7,'featured_image','hidden','Featured Image',0,1,1,1,1,1,'{\"resize\":{\"width\":\"1000\",\"height\":\"null\"},\"quality\":\"70%\",\"upsize\":true,\"thumbnails\":[{\"name\":\"medium\",\"scale\":\"50%\"},{\"name\":\"small\",\"scale\":\"25%\"},{\"name\":\"cropped\",\"crop\":{\"width\":\"300\",\"height\":\"250\"}}]}',5),(59,7,'slide_images','hidden','Slide Images',0,0,1,1,1,1,'{\"resize\":{\"width\":\"1000\",\"height\":\"null\"},\"quality\":\"70%\",\"upsize\":true,\"thumbnails\":[{\"name\":\"medium\",\"scale\":\"50%\"},{\"name\":\"small\",\"scale\":\"25%\"},{\"name\":\"cropped\",\"crop\":{\"width\":\"300\",\"height\":\"250\"}}]}',6),(60,7,'excerpt','text_area','Excerpt',0,0,1,1,1,1,NULL,8),(61,7,'seo_title','text','Seo Title',0,0,1,1,1,1,NULL,9),(62,7,'meta_keyword','text','Meta Keyword',0,0,1,1,1,1,NULL,10),(63,7,'meta_description','text','Meta Description',0,0,1,1,1,1,NULL,11),(64,7,'status','select_dropdown','Status',1,1,1,1,1,1,'{\"default\":\"DRAFT\",\"options\":{\"PUBLISHED\":\"published\",\"DRAFT\":\"draft\",\"PENDING\":\"pending\"}}',12),(65,7,'is_featured','checkbox','Featured?',1,1,1,1,1,1,NULL,13),(66,7,'client','text','Client',0,0,1,1,1,1,NULL,14),(67,7,'due_date','text','Due Date',0,0,1,1,1,1,NULL,15),(68,7,'budget','text','Budget',0,0,1,1,1,1,NULL,16),(69,7,'duration','text','Duration',0,0,1,1,1,1,NULL,17),(70,7,'created_by','checkbox','Created By',0,1,1,0,0,0,NULL,18),(71,7,'updated_by','checkbox','Updated By',0,0,1,0,0,0,NULL,19),(72,7,'created_at','timestamp','Created At',0,1,1,0,0,1,NULL,20),(73,7,'updated_at','timestamp','Updated At',0,0,1,0,0,1,NULL,21),(74,7,'deleted_at','timestamp','Deleted At',0,0,1,0,0,1,NULL,22),(76,8,'id','number','Id',1,0,0,0,0,0,NULL,1),(77,8,'title','text','Title',0,1,1,1,1,1,NULL,2),(78,8,'description','text_area','Description',0,0,1,1,1,1,NULL,3),(79,8,'slogan','text','Slogan',0,0,1,1,1,1,NULL,4),(80,8,'image','hidden','Image',0,1,1,1,1,1,NULL,5),(81,8,'created_at','timestamp','Created At',0,1,1,0,0,0,NULL,7),(82,8,'updated_at','timestamp','Updated At',0,0,0,0,0,0,NULL,8),(83,8,'is_featured','checkbox','Is Featured',0,1,1,1,1,1,'{\"on\":\"YES\",\"off\":\"NO\",\"checked\":\"true\"}',6),(85,11,'id','number','Id',1,0,0,0,0,0,NULL,1),(86,11,'title','text','Title',0,1,1,1,1,1,NULL,2),(87,11,'slug','text','Slug',0,0,1,1,1,1,'{\"slugify\":{\"origin\":\"title\",\"forceUpdate\":true}}',3),(88,11,'featured_image','hidden','Featured Image',0,1,1,1,1,1,NULL,6),(89,11,'is_featured','checkbox','Featured ?',0,1,1,1,1,1,'{\"on\":\"YES\",\"off\":\"NO\",\"checked\":true}',7),(90,11,'excerpt','text_area','Excerpt',0,0,1,1,1,1,NULL,9),(91,11,'meta_description','text_area','Meta Description',0,0,1,1,1,1,NULL,10),(92,11,'meta_keyword','text_area','Meta Keyword',0,0,1,1,1,1,NULL,11),(93,11,'seo_title','text','Seo Title',0,0,1,1,1,1,NULL,12),(94,11,'content','rich_text_box','Content',0,0,1,1,1,1,NULL,5),(95,11,'category_id','select_dropdown','Category',0,0,1,1,1,1,'{\"relationship\":{\"key\":\"id\",\"label\":\"name\",\"page_slug\":\"admin/categories\"}}',4),(96,11,'created_by','select_dropdown','Created By',0,0,1,0,0,0,'{\"relationship\":{\"key\":\"id\",\"label\":\"name\",\"page_slug\":\"admin/users\"}}',13),(97,11,'updated_by','select_dropdown','Updated By',0,0,1,0,0,0,'{\"relationship\":{\"key\":\"id\",\"label\":\"name\",\"page_slug\":\"admin/users\"}}',14),(98,11,'created_at','timestamp','Created At',0,1,1,1,0,1,NULL,15),(99,11,'updated_at','timestamp','Updated At',0,0,0,0,0,0,NULL,16),(100,11,'deleted_at','timestamp','Deleted At',0,1,1,1,1,1,NULL,17),(101,12,'id','number','Id',1,0,0,0,0,0,NULL,1),(102,12,'title','text','Title',0,1,1,1,1,1,NULL,2),(103,12,'objective','text','Objective',0,0,1,1,1,1,NULL,3),(104,12,'year','number','Year',0,1,1,1,1,1,NULL,4),(105,12,'description','text_area','Description',0,0,1,1,1,1,NULL,5),(106,12,'is_featured','checkbox','Featured ?',1,1,1,1,1,1,'{\"on\":\"YES\",\"off\":\"NO\",\"checked\":true}',6),(107,12,'created_by','hidden','Created By',0,1,1,0,0,0,'{\"relationship\":{\"key\":\"id\",\"label\":\"name\",\"page_slug\":\"admin/users\"}}',7),(108,12,'updated_by','hidden','Updated By',0,0,1,0,0,0,'{\"relationship\":{\"key\":\"id\",\"label\":\"name\",\"page_slug\":\"admin/users\"}}',8),(109,12,'created_at','timestamp','Created At',0,1,1,0,0,0,NULL,9),(110,12,'updated_at','timestamp','Updated At',0,0,0,0,0,0,NULL,10),(111,13,'id','number','Id',1,0,0,0,0,0,NULL,1),(112,13,'company_name','text','Company Name',0,1,1,1,1,1,NULL,2),(113,13,'company_logo','image','Company Logo',0,1,1,1,1,1,NULL,3),(114,13,'description','text_area','Description',0,0,1,1,1,1,NULL,5),(115,13,'external_url','text','External Url',0,0,1,1,1,1,NULL,6),(116,13,'created_at','timestamp','Created At',0,1,1,0,0,0,NULL,7),(117,13,'updated_at','timestamp','Updated At',0,0,0,0,0,0,NULL,8),(118,14,'id','checkbox','Id',1,0,0,0,0,0,NULL,1),(119,14,'firstname','text','Firstname',0,0,1,1,1,1,NULL,2),(120,14,'lastname','text','Lastname',0,0,1,1,1,1,NULL,3),(121,14,'fullname','text','Fullname',0,1,1,1,1,1,NULL,4),(122,14,'position','text','Position',0,1,1,1,1,1,NULL,5),(123,14,'avatar_picture','image','Avatar Picture',0,1,1,1,1,1,'{\"resize\":{\"width\":\"500\",\"height\":\"500\"},\"quality\":\"70%\",\"upsize\":true,\"thumbnails\":[{\"name\":\"medium\",\"scale\":\"50%\"},{\"name\":\"small\",\"scale\":\"25%\"},{\"name\":\"cropped\",\"crop\":{\"width\":\"250\",\"height\":\"250\"}}]}',6),(124,14,'bio','text_area','Bio',0,0,1,1,1,1,NULL,9),(125,14,'voice','text_area','Voice',0,0,1,1,1,1,NULL,10),(126,14,'fb_acc','text','Fb Acc',0,0,1,1,1,1,NULL,11),(127,14,'ig_acc','text','Ig Acc',0,0,1,1,1,1,NULL,12),(128,14,'twitter_acc','text','Twitter Acc',0,0,1,1,1,1,NULL,13),(129,14,'gplus_acc','text','Gplus Acc',0,0,1,1,1,1,NULL,14),(130,14,'linked_acc','text','Linked Acc',0,0,1,1,1,1,NULL,15),(131,14,'created_at','timestamp','Created At',0,1,1,0,0,0,NULL,16),(132,14,'updated_at','timestamp','Updated At',0,0,0,0,0,0,NULL,17),(133,11,'status','select_dropdown','Status',0,0,1,1,1,1,'{\"default\":\"DRAFT\",\"options\":{\"PUBLISHED\":\"Publised\",\"PENDING\":\"Pending\",\"DRAFT\":\"Draft\"}}',8),(134,14,'is_featured','checkbox','Is Featured',0,1,1,1,1,1,'{\"on\":\"YES\",\"off\":\"NO\",\"default\":false}',8),(135,13,'is_featured','checkbox','Is Featured',0,1,1,1,1,1,NULL,4),(136,7,'categories','select_multiple','Categories',0,0,1,1,1,1,'{\"relationship\":{\"key\":\"id\",\"label\":\"name\"}}',7),(138,1,'taggs','hidden','Tags',0,0,1,1,1,1,NULL,16),(139,1,'deleted_at','timestamp','Deleted At',0,1,1,1,1,1,NULL,17),(140,15,'id','number','Id',1,0,0,0,0,0,NULL,1),(141,15,'title','text','Title',0,1,1,1,1,1,NULL,2),(142,15,'slug','text','Slug Url',0,0,1,1,1,1,'{\"slugify\":{\"origin\":\"title\",\"forceUpdate\":true}}',3),(143,15,'body','rich_text_box','Content Body',0,0,1,1,1,1,NULL,5),(144,15,'image','hidden','Image',0,1,1,1,1,1,NULL,6),(145,15,'status','select_dropdown','Status',0,1,1,1,1,1,'{\"default\":\"DRAFT\",\"options\":{\"PUBLISHED\":\"Published\",\"DRAFT\":\"Draft\",\"PENDING\":\"Pending\"}}',7),(146,15,'is_featured','checkbox','Featured ?',0,1,1,1,1,1,'{\"on\":\"YES\",\"off\":\"NO\",\"checked\":true}',8),(147,15,'excerpt','text_area','Excerpt',0,0,1,1,1,1,NULL,10),(148,15,'meta_description','text_area','Meta Description',0,0,1,1,1,1,NULL,11),(149,15,'meta_keyword','text_area','Meta Keyword',0,0,1,1,1,1,NULL,12),(150,15,'seo_title','text','Seo Title',0,0,1,1,1,1,NULL,13),(151,15,'created_by','checkbox','Created By',0,1,1,0,0,0,NULL,14),(152,15,'updated_by','checkbox','Updated By',0,0,1,0,0,0,NULL,15),(153,15,'created_at','timestamp','Created At',0,1,1,0,0,0,NULL,16),(154,15,'updated_at','timestamp','Updated At',0,0,0,0,0,0,NULL,17),(155,15,'section','select_dropdown','Section',0,1,1,1,1,1,'{\"default\":\"\",\"null\":\"\",\"options\":{\"VISION\":\"Vision (About us page)\",\"WHOWEARE\":\"Who we are (About us page)\",\"HISTORY\":\"Our History (History page)\",\"WHYUS\":\"Why Pisnoka (Home Page)\"}}',4),(156,14,'is_director_msg','checkbox','Is Director Message',0,1,1,1,1,1,'{\"on\":\"YES\",\"off\":\"NO\",\"checked\":false}',7),(157,15,'order','number','Order',0,1,1,1,1,1,NULL,9),(158,17,'id','number','Id',1,0,0,0,0,0,NULL,1),(159,17,'title','text','Title',0,1,1,1,1,1,NULL,2),(160,17,'slug','text','Slug',0,0,1,1,1,1,'{\"slugify\":{\"origin\":\"title\",\"forceUpdate\":true}}',3),(161,17,'description','text_area','Description',0,0,1,1,1,1,NULL,4),(162,17,'image','hidden','Image',0,1,1,1,1,1,NULL,5),(163,17,'created_at','timestamp','Created At',0,1,1,0,0,0,NULL,6),(164,17,'updated_at','timestamp','Updated At',0,0,0,0,0,0,NULL,7),(165,17,'is_featured','checkbox','Is Featured',0,1,1,1,1,1,'{\"on\":\"YES\",\"off\":\"NO\",\"checked\":false}',8);
/*!40000 ALTER TABLE `data_rows` ENABLE KEYS */;
UNLOCK TABLES;

--
-- Table structure for table `data_types`
--

DROP TABLE IF EXISTS `data_types`;
/*!40101 SET @saved_cs_client     = @@character_set_client */;
/*!40101 SET character_set_client = utf8mb4 */;
CREATE TABLE `data_types` (
  `id` int(10) unsigned NOT NULL AUTO_INCREMENT,
  `name` varchar(191) COLLATE utf8mb4_unicode_ci NOT NULL,
  `slug` varchar(191) COLLATE utf8mb4_unicode_ci NOT NULL,
  `display_name_singular` varchar(191) COLLATE utf8mb4_unicode_ci NOT NULL,
  `display_name_plural` varchar(191) COLLATE utf8mb4_unicode_ci NOT NULL,
  `icon` varchar(191) COLLATE utf8mb4_unicode_ci DEFAULT NULL,
  `model_name` varchar(191) COLLATE utf8mb4_unicode_ci DEFAULT NULL,
  `controller` varchar(191) COLLATE utf8mb4_unicode_ci DEFAULT NULL,
  `description` varchar(191) COLLATE utf8mb4_unicode_ci DEFAULT NULL,
  `generate_permissions` tinyint(1) NOT NULL DEFAULT '0',
  `server_side` tinyint(4) NOT NULL DEFAULT '0',
  `created_at` timestamp NULL DEFAULT NULL,
  `updated_at` timestamp NULL DEFAULT NULL,
  PRIMARY KEY (`id`),
  UNIQUE KEY `data_types_name_unique` (`name`),
  UNIQUE KEY `data_types_slug_unique` (`slug`)
) ENGINE=InnoDB AUTO_INCREMENT=18 DEFAULT CHARSET=utf8mb4 COLLATE=utf8mb4_unicode_ci;
/*!40101 SET character_set_client = @saved_cs_client */;

--
-- Dumping data for table `data_types`
--

LOCK TABLES `data_types` WRITE;
/*!40000 ALTER TABLE `data_types` DISABLE KEYS */;
INSERT INTO `data_types` VALUES (1,'posts','posts','Post','Posts','voyager-news','TCG\\Voyager\\Models\\Post',NULL,NULL,1,1,'2017-08-11 08:55:51','2017-08-19 08:39:11'),(2,'pages','pages','Page','Pages','voyager-file-text','TCG\\Voyager\\Models\\Page','','',1,0,'2017-08-11 08:55:51','2017-08-11 08:55:51'),(3,'users','users','User','Users','voyager-person','TCG\\Voyager\\Models\\User','','',1,0,'2017-08-11 08:55:51','2017-08-11 08:55:51'),(4,'categories','categories','Category','Categories','voyager-categories','TCG\\Voyager\\Models\\Category',NULL,NULL,1,1,'2017-08-11 08:55:51','2017-08-17 13:13:15'),(5,'menus','menus','Menu','Menus','voyager-list','TCG\\Voyager\\Models\\Menu','','',1,0,'2017-08-11 08:55:52','2017-08-11 08:55:52'),(6,'roles','roles','Role','Roles','voyager-lock','TCG\\Voyager\\Models\\Role','','',1,0,'2017-08-11 08:55:53','2017-08-11 08:55:53'),(7,'projects','projects','Project','Projects',NULL,'App\\Models\\Project',NULL,NULL,1,1,'2017-08-18 04:35:12','2017-08-18 04:35:12'),(8,'sliders','sliders','Slider','Sliders',NULL,'App\\Models\\Slider',NULL,NULL,1,1,'2017-08-19 07:09:50','2017-08-19 07:09:50'),(11,'services','services','Service','Services',NULL,'App\\Models\\Service',NULL,NULL,1,1,'2017-08-20 06:34:12','2017-08-20 06:34:12'),(12,'milestones','milestones','Milestone','Milestones',NULL,'App\\Models\\Milestone',NULL,NULL,1,1,'2017-08-20 06:41:45','2017-08-20 06:41:45'),(13,'partners','partners','Partner','Partners',NULL,'App\\Models\\Partner',NULL,NULL,1,1,'2017-08-20 06:42:20','2017-08-20 06:42:20'),(14,'teams','teams','Team','Teams',NULL,'App\\Models\\Team',NULL,NULL,1,1,'2017-08-20 06:42:58','2017-08-20 06:42:58'),(15,'contents','contents','Content','Contents',NULL,'App\\Models\\Content',NULL,NULL,1,1,'2017-08-21 23:13:07','2017-08-21 23:13:07'),(17,'recognitions','recognitions','Recognition','Recognitions',NULL,'App\\Models\\Recognition',NULL,NULL,1,1,'2017-08-22 09:26:34','2017-08-22 09:34:50');
/*!40000 ALTER TABLE `data_types` ENABLE KEYS */;
UNLOCK TABLES;

--
-- Table structure for table `menu_items`
--

DROP TABLE IF EXISTS `menu_items`;
/*!40101 SET @saved_cs_client     = @@character_set_client */;
/*!40101 SET character_set_client = utf8mb4 */;
CREATE TABLE `menu_items` (
  `id` int(10) unsigned NOT NULL AUTO_INCREMENT,
  `menu_id` int(10) unsigned DEFAULT NULL,
  `title` varchar(191) COLLATE utf8mb4_unicode_ci NOT NULL,
  `url` varchar(191) COLLATE utf8mb4_unicode_ci NOT NULL,
  `target` varchar(191) COLLATE utf8mb4_unicode_ci NOT NULL DEFAULT '_self',
  `icon_class` varchar(191) COLLATE utf8mb4_unicode_ci DEFAULT NULL,
  `color` varchar(191) COLLATE utf8mb4_unicode_ci DEFAULT NULL,
  `parent_id` int(11) DEFAULT NULL,
  `order` int(11) NOT NULL,
  `created_at` timestamp NULL DEFAULT NULL,
  `updated_at` timestamp NULL DEFAULT NULL,
  `route` varchar(191) COLLATE utf8mb4_unicode_ci DEFAULT NULL,
  `parameters` text COLLATE utf8mb4_unicode_ci,
  PRIMARY KEY (`id`),
  KEY `menu_items_menu_id_foreign` (`menu_id`),
  CONSTRAINT `menu_items_menu_id_foreign` FOREIGN KEY (`menu_id`) REFERENCES `menus` (`id`) ON DELETE CASCADE
) ENGINE=InnoDB AUTO_INCREMENT=21 DEFAULT CHARSET=utf8mb4 COLLATE=utf8mb4_unicode_ci;
/*!40101 SET character_set_client = @saved_cs_client */;

--
-- Dumping data for table `menu_items`
--

LOCK TABLES `menu_items` WRITE;
/*!40000 ALTER TABLE `menu_items` DISABLE KEYS */;
INSERT INTO `menu_items` VALUES (1,1,'Dashboard','/admin','_self','voyager-boat',NULL,NULL,1,'2017-08-11 08:59:13','2017-08-11 08:59:13',NULL,NULL),(2,1,'Media','/admin/media','_self','voyager-images',NULL,NULL,14,'2017-08-11 08:59:19','2017-08-22 09:32:56',NULL,NULL),(3,1,'Posts','/admin/posts','_self','voyager-news',NULL,NULL,8,'2017-08-11 08:59:20','2017-08-21 23:19:55',NULL,NULL),(4,1,'Users','/admin/users','_self','voyager-person',NULL,NULL,13,'2017-08-11 08:59:21','2017-08-22 09:32:56',NULL,NULL),(5,1,'Categories','/admin/categories','_self','voyager-categories',NULL,NULL,12,'2017-08-11 08:59:22','2017-08-22 09:33:00',NULL,NULL),(7,1,'Roles','/admin/roles','_self','voyager-lock',NULL,NULL,2,'2017-08-11 08:59:26','2017-08-11 08:59:26',NULL,NULL),(8,1,'Tools','','_self','voyager-tools',NULL,NULL,15,'2017-08-11 08:59:29','2017-08-22 09:32:56',NULL,NULL),(9,1,'Menu Builder','/admin/menus','_self','voyager-list',NULL,8,1,'2017-08-11 08:59:31','2017-08-18 07:38:21',NULL,NULL),(10,1,'Database','/admin/database','_self','voyager-data',NULL,8,2,'2017-08-11 08:59:32','2017-08-18 07:38:21',NULL,NULL),(11,1,'Settings','/admin/settings','_self','voyager-settings',NULL,NULL,16,'2017-08-11 08:59:33','2017-08-22 09:32:56',NULL,NULL),(12,1,'Projects','/admin/projects','_self','voyager-treasure-open','#000000',NULL,4,'2017-08-18 07:38:03','2017-08-21 23:19:58',NULL,''),(13,1,'Slider','/admin/sliders','_self','voyager-photo','#000000',NULL,7,'2017-08-19 07:23:19','2017-08-21 23:19:55',NULL,''),(14,1,'Service','/admin/services','_self','voyager-truck','#000000',NULL,5,'2017-08-20 07:10:03','2017-08-21 23:19:54',NULL,''),(15,1,'Team','/admin/teams','_self','voyager-people','#000000',NULL,9,'2017-08-21 04:30:11','2017-08-21 23:19:55',NULL,''),(16,1,'Partners & Clients','/admin/partners','_self','voyager-smile','#000000',NULL,10,'2017-08-21 07:49:26','2017-08-21 23:16:11',NULL,''),(17,1,'Milestone','/admin/milestones','_self','voyager-rocket','#000000',NULL,6,'2017-08-21 22:18:59','2017-08-21 23:19:55',NULL,''),(19,1,'Content','/admin/contents','_self','voyager-edit','#000000',NULL,3,'2017-08-21 23:19:20','2017-08-21 23:19:58',NULL,''),(20,1,'Recognition','/admin/recognitions','_self','voyager-certificate','#000000',NULL,11,'2017-08-22 09:31:00','2017-08-22 09:32:59',NULL,'');
/*!40000 ALTER TABLE `menu_items` ENABLE KEYS */;
UNLOCK TABLES;

--
-- Table structure for table `menus`
--

DROP TABLE IF EXISTS `menus`;
/*!40101 SET @saved_cs_client     = @@character_set_client */;
/*!40101 SET character_set_client = utf8mb4 */;
CREATE TABLE `menus` (
  `id` int(10) unsigned NOT NULL AUTO_INCREMENT,
  `name` varchar(191) COLLATE utf8mb4_unicode_ci NOT NULL,
  `created_at` timestamp NULL DEFAULT NULL,
  `updated_at` timestamp NULL DEFAULT NULL,
  PRIMARY KEY (`id`),
  UNIQUE KEY `menus_name_unique` (`name`)
) ENGINE=InnoDB AUTO_INCREMENT=2 DEFAULT CHARSET=utf8mb4 COLLATE=utf8mb4_unicode_ci;
/*!40101 SET character_set_client = @saved_cs_client */;

--
-- Dumping data for table `menus`
--

LOCK TABLES `menus` WRITE;
/*!40000 ALTER TABLE `menus` DISABLE KEYS */;
INSERT INTO `menus` VALUES (1,'admin','2017-08-11 08:59:03','2017-08-11 08:59:03');
/*!40000 ALTER TABLE `menus` ENABLE KEYS */;
UNLOCK TABLES;

--
-- Table structure for table `migrations`
--

DROP TABLE IF EXISTS `migrations`;
/*!40101 SET @saved_cs_client     = @@character_set_client */;
/*!40101 SET character_set_client = utf8mb4 */;
CREATE TABLE `migrations` (
  `id` int(10) unsigned NOT NULL AUTO_INCREMENT,
  `migration` varchar(191) COLLATE utf8mb4_unicode_ci NOT NULL,
  `batch` int(11) NOT NULL,
  PRIMARY KEY (`id`)
) ENGINE=InnoDB AUTO_INCREMENT=27 DEFAULT CHARSET=utf8mb4 COLLATE=utf8mb4_unicode_ci;
/*!40101 SET character_set_client = @saved_cs_client */;

--
-- Dumping data for table `migrations`
--

LOCK TABLES `migrations` WRITE;
/*!40000 ALTER TABLE `migrations` DISABLE KEYS */;
INSERT INTO `migrations` VALUES (1,'2014_10_12_000000_create_users_table',1),(2,'2014_10_12_100000_create_password_resets_table',1),(3,'2016_01_01_000000_add_voyager_user_fields',1),(4,'2016_01_01_000000_create_data_types_table',1),(5,'2016_01_01_000000_create_pages_table',1),(6,'2016_01_01_000000_create_posts_table',1),(7,'2016_02_15_204651_create_categories_table',1),(8,'2016_05_19_173453_create_menu_table',1),(9,'2016_10_21_190000_create_roles_table',1),(10,'2016_10_21_190000_create_settings_table',1),(11,'2016_11_30_135954_create_permission_table',1),(12,'2016_11_30_141208_create_permission_role_table',1),(13,'2016_12_26_201236_data_types__add__server_side',1),(14,'2017_01_13_000000_add_route_to_menu_items_table',1),(15,'2017_01_14_005015_create_translations_table',1),(16,'2017_01_15_000000_add_permission_group_id_to_permissions_table',1),(17,'2017_01_15_000000_create_permission_groups_table',1),(18,'2017_01_15_000000_make_table_name_nullable_in_permissions_table',1),(19,'2017_03_06_000000_add_controller_to_data_types_table',1),(20,'2017_04_21_000000_add_order_to_data_rows_table',1),(21,'2017_08_11_082813_create_admins_table',1),(22,'2017_08_11_090721_add_admins_fileds',2),(23,'2014_01_07_073615_create_tagged_table',3),(24,'2014_01_07_073615_create_tags_table',3),(25,'2016_06_29_073615_create_tag_groups_table',3),(26,'2016_06_29_073615_update_tags_table',3);
/*!40000 ALTER TABLE `migrations` ENABLE KEYS */;
UNLOCK TABLES;

--
-- Table structure for table `milestones`
--

DROP TABLE IF EXISTS `milestones`;
/*!40101 SET @saved_cs_client     = @@character_set_client */;
/*!40101 SET character_set_client = utf8mb4 */;
CREATE TABLE `milestones` (
  `id` int(10) unsigned NOT NULL AUTO_INCREMENT,
  `title` varchar(255) COLLATE utf8mb4_unicode_ci DEFAULT NULL,
  `objective` varchar(255) COLLATE utf8mb4_unicode_ci DEFAULT NULL,
  `year` int(11) DEFAULT NULL,
  `description` text COLLATE utf8mb4_unicode_ci,
  `is_featured` tinyint(3) unsigned NOT NULL DEFAULT '1',
  `created_by` int(10) unsigned DEFAULT NULL,
  `updated_by` int(10) unsigned DEFAULT NULL,
  `created_at` timestamp NULL DEFAULT NULL,
  `updated_at` timestamp NULL DEFAULT NULL,
  PRIMARY KEY (`id`)
) ENGINE=InnoDB AUTO_INCREMENT=11 DEFAULT CHARSET=utf8mb4 COLLATE=utf8mb4_unicode_ci;
/*!40101 SET character_set_client = @saved_cs_client */;

--
-- Dumping data for table `milestones`
--

LOCK TABLES `milestones` WRITE;
/*!40000 ALTER TABLE `milestones` DISABLE KEYS */;
INSERT INTO `milestones` VALUES (1,'Successful rank in online marketing','Online Marketing Entrepreneur',2008,'Otam rem aperiam, eaque ipsa quae ab illo inventore veritatis et quasi architecto beatae vitae dicta sunt explicabo. Nemo enim ipsam voluptatem quia voluptas sit aspernatur aut odit aut fugit, sed quia, otam rem aperiam, eaque ipsa quae ab illo inventore veritatis et quasi architecto beatae vitae dicta sunt explicabo',1,1,NULL,'2017-08-21 22:22:14','2017-08-21 22:22:14'),(6,'Successful rank in online marketing','Online Marketing Entrepreneur',2009,'Otam rem aperiam, eaque ipsa quae ab illo inventore veritatis et quasi architecto beatae vitae dicta sunt explicabo. Nemo enim ipsam voluptatem quia voluptas sit aspernatur aut odit aut fugit, sed quia, otam rem aperiam, eaque ipsa quae ab illo inventore veritatis et quasi architecto beatae vitae dicta sunt explicabo',1,1,NULL,'2017-08-21 22:22:14','2017-08-21 22:22:14'),(7,'Successful rank in online marketing','Online Marketing Entrepreneur',2010,'Otam rem aperiam, eaque ipsa quae ab illo inventore veritatis et quasi architecto beatae vitae dicta sunt explicabo. Nemo enim ipsam voluptatem quia voluptas sit aspernatur aut odit aut fugit, sed quia, otam rem aperiam, eaque ipsa quae ab illo inventore veritatis et quasi architecto beatae vitae dicta sunt explicabo',1,1,NULL,'2017-08-21 22:22:14','2017-08-21 22:22:14'),(8,'Successful rank in online marketing','Online Marketing Entrepreneur',2013,'Otam rem aperiam, eaque ipsa quae ab illo inventore veritatis et quasi architecto beatae vitae dicta sunt explicabo. Nemo enim ipsam voluptatem quia voluptas sit aspernatur aut odit aut fugit, sed quia, otam rem aperiam, eaque ipsa quae ab illo inventore veritatis et quasi architecto beatae vitae dicta sunt explicabo',1,1,NULL,'2017-08-21 22:22:14','2017-08-21 22:22:14'),(9,'Successful rank in online marketing','Online Marketing Entrepreneur',2015,'Otam rem aperiam, eaque ipsa quae ab illo inventore veritatis et quasi architecto beatae vitae dicta sunt explicabo. Nemo enim ipsam voluptatem quia voluptas sit aspernatur aut odit aut fugit, sed quia, otam rem aperiam, eaque ipsa quae ab illo inventore veritatis et quasi architecto beatae vitae dicta sunt explicabo',1,1,NULL,'2017-08-21 22:22:14','2017-08-21 22:22:14'),(10,'Successful rank in online marketing','Online Marketing Entrepreneur',2017,'Otam rem aperiam, eaque ipsa quae ab illo inventore veritatis et quasi architecto beatae vitae dicta sunt explicabo. Nemo enim ipsam voluptatem quia voluptas sit aspernatur aut odit aut fugit, sed quia, otam rem aperiam, eaque ipsa quae ab illo inventore veritatis et quasi architecto beatae vitae dicta sunt explicabo',1,1,NULL,'2017-08-21 22:22:14','2017-08-21 22:22:14');
/*!40000 ALTER TABLE `milestones` ENABLE KEYS */;
UNLOCK TABLES;

--
-- Table structure for table `pages`
--

DROP TABLE IF EXISTS `pages`;
/*!40101 SET @saved_cs_client     = @@character_set_client */;
/*!40101 SET character_set_client = utf8mb4 */;
CREATE TABLE `pages` (
  `id` int(10) unsigned NOT NULL AUTO_INCREMENT,
  `author_id` int(11) NOT NULL,
  `title` varchar(191) COLLATE utf8mb4_unicode_ci NOT NULL,
  `excerpt` text COLLATE utf8mb4_unicode_ci,
  `body` text COLLATE utf8mb4_unicode_ci,
  `image` varchar(191) COLLATE utf8mb4_unicode_ci DEFAULT NULL,
  `slug` varchar(191) COLLATE utf8mb4_unicode_ci NOT NULL,
  `meta_description` text COLLATE utf8mb4_unicode_ci,
  `meta_keywords` text COLLATE utf8mb4_unicode_ci,
  `status` enum('ACTIVE','INACTIVE') COLLATE utf8mb4_unicode_ci NOT NULL DEFAULT 'INACTIVE',
  `created_at` timestamp NULL DEFAULT NULL,
  `updated_at` timestamp NULL DEFAULT NULL,
  PRIMARY KEY (`id`),
  UNIQUE KEY `pages_slug_unique` (`slug`)
) ENGINE=InnoDB DEFAULT CHARSET=utf8mb4 COLLATE=utf8mb4_unicode_ci;
/*!40101 SET character_set_client = @saved_cs_client */;

--
-- Dumping data for table `pages`
--

LOCK TABLES `pages` WRITE;
/*!40000 ALTER TABLE `pages` DISABLE KEYS */;
/*!40000 ALTER TABLE `pages` ENABLE KEYS */;
UNLOCK TABLES;

--
-- Table structure for table `partners`
--

DROP TABLE IF EXISTS `partners`;
/*!40101 SET @saved_cs_client     = @@character_set_client */;
/*!40101 SET character_set_client = utf8mb4 */;
CREATE TABLE `partners` (
  `id` int(10) unsigned NOT NULL AUTO_INCREMENT,
  `company_name` varchar(255) COLLATE utf8mb4_unicode_ci DEFAULT NULL,
  `company_logo` varchar(255) COLLATE utf8mb4_unicode_ci DEFAULT NULL,
  `description` text COLLATE utf8mb4_unicode_ci,
  `external_url` varchar(255) COLLATE utf8mb4_unicode_ci DEFAULT NULL,
  `created_at` timestamp NULL DEFAULT NULL,
  `updated_at` timestamp NULL DEFAULT NULL,
  `is_featured` tinyint(3) unsigned DEFAULT '1',
  PRIMARY KEY (`id`)
) ENGINE=InnoDB AUTO_INCREMENT=7 DEFAULT CHARSET=utf8mb4 COLLATE=utf8mb4_unicode_ci;
/*!40101 SET character_set_client = @saved_cs_client */;

--
-- Dumping data for table `partners`
--

LOCK TABLES `partners` WRITE;
/*!40000 ALTER TABLE `partners` DISABLE KEYS */;
INSERT INTO `partners` VALUES (1,'Aceleda','partners/August2017/TIGm5wwEyozBZLLActkm.jpg',NULL,NULL,'2017-08-21 07:57:00','2017-08-21 07:59:30',1),(2,'Cambodia Beer','partners/August2017/YOn32DJQGX2qa5NavAub.jpg',NULL,NULL,'2017-08-21 08:03:01','2017-08-21 08:03:01',1),(3,'Heniken','partners/August2017/ZifbXWfobzrqbSaMAe6K.jpg',NULL,NULL,'2017-08-21 08:03:59','2017-08-21 08:03:59',1),(4,'Australian Embassy','partners/August2017/Yqlh8URWVHP93s1qQtVN.jpg',NULL,NULL,'2017-08-21 08:05:03','2017-08-21 08:05:03',1),(5,'UN','partners/August2017/GZ16ceFmzIBX4DNvjM7u.jpg',NULL,NULL,'2017-08-21 08:05:42','2017-08-21 08:05:42',1),(6,'Yazaki','partners/August2017/oBjfFXh03vMJ9M4MDpwi.jpg',NULL,NULL,'2017-08-21 08:06:33','2017-08-21 08:06:33',1);
/*!40000 ALTER TABLE `partners` ENABLE KEYS */;
UNLOCK TABLES;

--
-- Table structure for table `password_resets`
--

DROP TABLE IF EXISTS `password_resets`;
/*!40101 SET @saved_cs_client     = @@character_set_client */;
/*!40101 SET character_set_client = utf8mb4 */;
CREATE TABLE `password_resets` (
  `email` varchar(191) COLLATE utf8mb4_unicode_ci NOT NULL,
  `token` varchar(191) COLLATE utf8mb4_unicode_ci NOT NULL,
  `created_at` timestamp NULL DEFAULT NULL,
  KEY `password_resets_email_index` (`email`)
) ENGINE=InnoDB DEFAULT CHARSET=utf8mb4 COLLATE=utf8mb4_unicode_ci;
/*!40101 SET character_set_client = @saved_cs_client */;

--
-- Dumping data for table `password_resets`
--

LOCK TABLES `password_resets` WRITE;
/*!40000 ALTER TABLE `password_resets` DISABLE KEYS */;
/*!40000 ALTER TABLE `password_resets` ENABLE KEYS */;
UNLOCK TABLES;

--
-- Table structure for table `permission_groups`
--

DROP TABLE IF EXISTS `permission_groups`;
/*!40101 SET @saved_cs_client     = @@character_set_client */;
/*!40101 SET character_set_client = utf8mb4 */;
CREATE TABLE `permission_groups` (
  `id` int(10) unsigned NOT NULL AUTO_INCREMENT,
  `name` varchar(191) COLLATE utf8mb4_unicode_ci NOT NULL,
  PRIMARY KEY (`id`),
  UNIQUE KEY `permission_groups_name_unique` (`name`)
) ENGINE=InnoDB DEFAULT CHARSET=utf8mb4 COLLATE=utf8mb4_unicode_ci;
/*!40101 SET character_set_client = @saved_cs_client */;

--
-- Dumping data for table `permission_groups`
--

LOCK TABLES `permission_groups` WRITE;
/*!40000 ALTER TABLE `permission_groups` DISABLE KEYS */;
/*!40000 ALTER TABLE `permission_groups` ENABLE KEYS */;
UNLOCK TABLES;

--
-- Table structure for table `permission_role`
--

DROP TABLE IF EXISTS `permission_role`;
/*!40101 SET @saved_cs_client     = @@character_set_client */;
/*!40101 SET character_set_client = utf8mb4 */;
CREATE TABLE `permission_role` (
  `permission_id` int(10) unsigned NOT NULL,
  `role_id` int(10) unsigned NOT NULL,
  PRIMARY KEY (`permission_id`,`role_id`),
  KEY `permission_role_permission_id_index` (`permission_id`),
  KEY `permission_role_role_id_index` (`role_id`),
  CONSTRAINT `permission_role_permission_id_foreign` FOREIGN KEY (`permission_id`) REFERENCES `permissions` (`id`) ON DELETE CASCADE,
  CONSTRAINT `permission_role_role_id_foreign` FOREIGN KEY (`role_id`) REFERENCES `roles` (`id`) ON DELETE CASCADE
) ENGINE=InnoDB DEFAULT CHARSET=utf8mb4 COLLATE=utf8mb4_unicode_ci;
/*!40101 SET character_set_client = @saved_cs_client */;

--
-- Dumping data for table `permission_role`
--

LOCK TABLES `permission_role` WRITE;
/*!40000 ALTER TABLE `permission_role` DISABLE KEYS */;
INSERT INTO `permission_role` VALUES (1,1),(2,1),(3,1),(4,1),(5,1),(6,1),(7,1),(8,1),(9,1),(10,1),(11,1),(12,1),(13,1),(14,1),(15,1),(16,1),(17,1),(18,1),(19,1),(20,1),(21,1),(22,1),(23,1),(24,1),(25,1),(26,1),(27,1),(28,1),(29,1),(30,1),(31,1),(32,1),(33,1),(34,1),(35,1),(36,1),(37,1),(38,1),(39,1),(40,1),(41,1),(42,1),(43,1),(44,1),(45,1),(46,1),(47,1),(48,1),(49,1),(50,1),(51,1),(52,1),(53,1),(54,1),(55,1),(56,1),(57,1),(58,1),(59,1),(60,1),(61,1),(62,1),(63,1),(64,1),(65,1),(66,1),(67,1),(68,1),(69,1),(70,1),(71,1),(72,1),(73,1),(74,1);
/*!40000 ALTER TABLE `permission_role` ENABLE KEYS */;
UNLOCK TABLES;

--
-- Table structure for table `permissions`
--

DROP TABLE IF EXISTS `permissions`;
/*!40101 SET @saved_cs_client     = @@character_set_client */;
/*!40101 SET character_set_client = utf8mb4 */;
CREATE TABLE `permissions` (
  `id` int(10) unsigned NOT NULL AUTO_INCREMENT,
  `key` varchar(191) COLLATE utf8mb4_unicode_ci NOT NULL,
  `table_name` varchar(191) COLLATE utf8mb4_unicode_ci DEFAULT NULL,
  `created_at` timestamp NULL DEFAULT NULL,
  `updated_at` timestamp NULL DEFAULT NULL,
  `permission_group_id` int(10) unsigned DEFAULT NULL,
  PRIMARY KEY (`id`),
  KEY `permissions_key_index` (`key`)
) ENGINE=InnoDB AUTO_INCREMENT=75 DEFAULT CHARSET=utf8mb4 COLLATE=utf8mb4_unicode_ci;
/*!40101 SET character_set_client = @saved_cs_client */;

--
-- Dumping data for table `permissions`
--

LOCK TABLES `permissions` WRITE;
/*!40000 ALTER TABLE `permissions` DISABLE KEYS */;
INSERT INTO `permissions` VALUES (1,'browse_admin',NULL,'2017-08-11 08:59:38','2017-08-11 08:59:38',NULL),(2,'browse_database',NULL,'2017-08-11 08:59:42','2017-08-11 08:59:42',NULL),(3,'browse_media',NULL,'2017-08-11 08:59:43','2017-08-11 08:59:43',NULL),(4,'browse_settings',NULL,'2017-08-11 08:59:48','2017-08-11 08:59:48',NULL),(5,'browse_menus','menus','2017-08-11 08:59:52','2017-08-11 08:59:52',NULL),(6,'read_menus','menus','2017-08-11 08:59:53','2017-08-11 08:59:53',NULL),(7,'edit_menus','menus','2017-08-11 09:00:14','2017-08-11 09:00:14',NULL),(8,'add_menus','menus','2017-08-11 09:00:17','2017-08-11 09:00:17',NULL),(9,'delete_menus','menus','2017-08-11 09:00:19','2017-08-11 09:00:19',NULL),(10,'browse_pages','pages','2017-08-11 09:00:21','2017-08-11 09:00:21',NULL),(11,'read_pages','pages','2017-08-11 09:00:29','2017-08-11 09:00:29',NULL),(12,'edit_pages','pages','2017-08-11 09:00:30','2017-08-11 09:00:30',NULL),(13,'add_pages','pages','2017-08-11 09:00:34','2017-08-11 09:00:34',NULL),(14,'delete_pages','pages','2017-08-11 09:00:41','2017-08-11 09:00:41',NULL),(15,'browse_roles','roles','2017-08-11 09:00:44','2017-08-11 09:00:44',NULL),(16,'read_roles','roles','2017-08-11 09:00:46','2017-08-11 09:00:46',NULL),(17,'edit_roles','roles','2017-08-11 09:00:53','2017-08-11 09:00:53',NULL),(18,'add_roles','roles','2017-08-11 09:00:59','2017-08-11 09:00:59',NULL),(19,'delete_roles','roles','2017-08-11 09:01:00','2017-08-11 09:01:00',NULL),(20,'browse_users','users','2017-08-11 09:01:02','2017-08-11 09:01:02',NULL),(21,'read_users','users','2017-08-11 09:01:03','2017-08-11 09:01:03',NULL),(22,'edit_users','users','2017-08-11 09:01:13','2017-08-11 09:01:13',NULL),(23,'add_users','users','2017-08-11 09:01:45','2017-08-11 09:01:45',NULL),(24,'delete_users','users','2017-08-11 09:01:51','2017-08-11 09:01:51',NULL),(25,'browse_posts','posts','2017-08-11 09:01:53','2017-08-11 09:01:53',NULL),(26,'read_posts','posts','2017-08-11 09:01:56','2017-08-11 09:01:56',NULL),(27,'edit_posts','posts','2017-08-11 09:02:01','2017-08-11 09:02:01',NULL),(28,'add_posts','posts','2017-08-11 09:02:05','2017-08-11 09:02:05',NULL),(29,'delete_posts','posts','2017-08-11 09:02:05','2017-08-11 09:02:05',NULL),(30,'browse_categories','categories','2017-08-11 09:02:05','2017-08-11 09:02:05',NULL),(31,'read_categories','categories','2017-08-11 09:02:18','2017-08-11 09:02:18',NULL),(32,'edit_categories','categories','2017-08-11 09:02:27','2017-08-11 09:02:27',NULL),(33,'add_categories','categories','2017-08-11 09:02:32','2017-08-11 09:02:32',NULL),(34,'delete_categories','categories','2017-08-11 09:02:33','2017-08-11 09:02:33',NULL),(35,'browse_projects','projects','2017-08-18 04:35:21','2017-08-18 04:35:21',NULL),(36,'read_projects','projects','2017-08-18 04:35:21','2017-08-18 04:35:21',NULL),(37,'edit_projects','projects','2017-08-18 04:35:21','2017-08-18 04:35:21',NULL),(38,'add_projects','projects','2017-08-18 04:35:21','2017-08-18 04:35:21',NULL),(39,'delete_projects','projects','2017-08-18 04:35:22','2017-08-18 04:35:22',NULL),(40,'browse_sliders','sliders','2017-08-19 07:09:55','2017-08-19 07:09:55',NULL),(41,'read_sliders','sliders','2017-08-19 07:09:56','2017-08-19 07:09:56',NULL),(42,'edit_sliders','sliders','2017-08-19 07:09:56','2017-08-19 07:09:56',NULL),(43,'add_sliders','sliders','2017-08-19 07:09:57','2017-08-19 07:09:57',NULL),(44,'delete_sliders','sliders','2017-08-19 07:09:57','2017-08-19 07:09:57',NULL),(45,'browse_services','services','2017-08-20 06:34:21','2017-08-20 06:34:21',NULL),(46,'read_services','services','2017-08-20 06:34:21','2017-08-20 06:34:21',NULL),(47,'edit_services','services','2017-08-20 06:34:22','2017-08-20 06:34:22',NULL),(48,'add_services','services','2017-08-20 06:34:22','2017-08-20 06:34:22',NULL),(49,'delete_services','services','2017-08-20 06:34:23','2017-08-20 06:34:23',NULL),(50,'browse_milestones','milestones','2017-08-20 06:41:48','2017-08-20 06:41:48',NULL),(51,'read_milestones','milestones','2017-08-20 06:41:48','2017-08-20 06:41:48',NULL),(52,'edit_milestones','milestones','2017-08-20 06:41:48','2017-08-20 06:41:48',NULL),(53,'add_milestones','milestones','2017-08-20 06:41:49','2017-08-20 06:41:49',NULL),(54,'delete_milestones','milestones','2017-08-20 06:41:49','2017-08-20 06:41:49',NULL),(55,'browse_partners','partners','2017-08-20 06:42:22','2017-08-20 06:42:22',NULL),(56,'read_partners','partners','2017-08-20 06:42:22','2017-08-20 06:42:22',NULL),(57,'edit_partners','partners','2017-08-20 06:42:22','2017-08-20 06:42:22',NULL),(58,'add_partners','partners','2017-08-20 06:42:22','2017-08-20 06:42:22',NULL),(59,'delete_partners','partners','2017-08-20 06:42:23','2017-08-20 06:42:23',NULL),(60,'browse_teams','teams','2017-08-20 06:43:02','2017-08-20 06:43:02',NULL),(61,'read_teams','teams','2017-08-20 06:43:02','2017-08-20 06:43:02',NULL),(62,'edit_teams','teams','2017-08-20 06:43:02','2017-08-20 06:43:02',NULL),(63,'add_teams','teams','2017-08-20 06:43:03','2017-08-20 06:43:03',NULL),(64,'delete_teams','teams','2017-08-20 06:43:03','2017-08-20 06:43:03',NULL),(65,'browse_contents','contents','2017-08-21 23:13:11','2017-08-21 23:13:11',NULL),(66,'read_contents','contents','2017-08-21 23:13:11','2017-08-21 23:13:11',NULL),(67,'edit_contents','contents','2017-08-21 23:13:11','2017-08-21 23:13:11',NULL),(68,'add_contents','contents','2017-08-21 23:13:11','2017-08-21 23:13:11',NULL),(69,'delete_contents','contents','2017-08-21 23:13:11','2017-08-21 23:13:11',NULL),(70,'browse_recognitions','recognitions','2017-08-22 09:26:36','2017-08-22 09:26:36',NULL),(71,'read_recognitions','recognitions','2017-08-22 09:26:36','2017-08-22 09:26:36',NULL),(72,'edit_recognitions','recognitions','2017-08-22 09:26:36','2017-08-22 09:26:36',NULL),(73,'add_recognitions','recognitions','2017-08-22 09:26:37','2017-08-22 09:26:37',NULL),(74,'delete_recognitions','recognitions','2017-08-22 09:26:37','2017-08-22 09:26:37',NULL);
/*!40000 ALTER TABLE `permissions` ENABLE KEYS */;
UNLOCK TABLES;

--
-- Table structure for table `posts`
--

DROP TABLE IF EXISTS `posts`;
/*!40101 SET @saved_cs_client     = @@character_set_client */;
/*!40101 SET character_set_client = utf8mb4 */;
CREATE TABLE `posts` (
  `id` int(10) unsigned NOT NULL AUTO_INCREMENT,
  `author_id` int(11) NOT NULL,
  `category_id` int(11) DEFAULT NULL,
  `title` varchar(191) COLLATE utf8mb4_unicode_ci NOT NULL,
  `seo_title` varchar(191) COLLATE utf8mb4_unicode_ci DEFAULT NULL,
  `excerpt` text COLLATE utf8mb4_unicode_ci NOT NULL,
  `body` text COLLATE utf8mb4_unicode_ci NOT NULL,
  `image` varchar(191) COLLATE utf8mb4_unicode_ci DEFAULT NULL,
  `slug` varchar(191) COLLATE utf8mb4_unicode_ci NOT NULL,
  `meta_description` text COLLATE utf8mb4_unicode_ci NOT NULL,
  `meta_keywords` text COLLATE utf8mb4_unicode_ci NOT NULL,
  `status` varchar(255) COLLATE utf8mb4_unicode_ci NOT NULL,
  `featured` tinyint(1) NOT NULL DEFAULT '0',
  `created_at` timestamp NULL DEFAULT NULL,
  `updated_at` timestamp NULL DEFAULT NULL,
  `taggs` int(11) DEFAULT NULL,
  `deleted_at` timestamp NULL DEFAULT NULL,
  PRIMARY KEY (`id`),
  UNIQUE KEY `posts_slug_unique` (`slug`)
) ENGINE=InnoDB AUTO_INCREMENT=13 DEFAULT CHARSET=utf8mb4 COLLATE=utf8mb4_unicode_ci;
/*!40101 SET character_set_client = @saved_cs_client */;

--
-- Dumping data for table `posts`
--

LOCK TABLES `posts` WRITE;
/*!40000 ALTER TABLE `posts` DISABLE KEYS */;
INSERT INTO `posts` VALUES (1,1,3,'my first blog post','seo title','Lorem ipsum dolor sit amet, consectetur adipisicing elit, sed do eiusmod tempor incididunt ut labore et dolore magna aliqua. Ut enim ad minim veniam, quis nostrud exercitation ullamco laboris nisi ut aliquip ex ea commodo consequat. Duis aute irure dolor in reprehenderit in voluptate velit esse cillum dolore eu fugiat nulla pariatur.','<p>&nbsp;</p>\r\n<p>Lorem ipsum dolor sit amet, consectetur adipisicing elit, sed do eiusmod tempor incididunt ut labore et dolore magna aliqua. Ut enim ad minim veniam, quis nostrud exercitation ullamco laboris nisi ut aliquip ex ea commodo consequat. Duis aute irure dolor in reprehenderit in voluptate velit esse cillum dolore eu fugiat nulla pariatur. Excepteur sint occaecat cupidatat non proident, sunt in culpa qui officia deserunt mollit anim id est laborum.Lorem ipsum dolor sit amet, consectetur adipisicing elit, sed do eiusmod tempor incididunt ut labore et dolore magna aliqua. Ut enim ad minim veniam, quis nostrud exercitation ullamco laboris nisi ut aliquip ex ea commodo consequat. Duis aute irure dolor in reprehenderit in voluptate velit esse cillum dolore eu fugiat nulla pariatur. Excepteur sint occaecat cupidatat non proident, sunt in culpa qui officia deserunt mollit anim id est laborum.Lorem ipsum dolor sit amet, consectetur adipisicing elit, sed do eiusmod tempor incididunt ut labore et dolore magna aliqua. Ut enim ad minim veniam, quis nostrud exercitation ullamco laboris nisi ut aliquip ex ea commodo consequat. Duis aute irure dolor in reprehenderit in voluptate velit esse cillum dolore eu fugiat nulla pariatur. Excepteur sint occaecat cupidatat non proident, sunt in culpa qui officia deserunt mollit anim id est laborum.Lorem ipsum dolor sit amet, consectetur adipisicing elit, sed do eiusmod tempor incididunt ut labore et dolore magna aliqua. Ut enim ad minim veniam, quis nostrud exercitation ullamco laboris nisi ut aliquip ex ea commodo consequat. Duis aute irure dolor in reprehenderit in voluptate velit esse cillum dolore eu fugiat nulla pariatur. Excepteur sint occaecat cupidatat non proident, sunt in culpa qui officia deserunt mollit anim id est laborum.Lorem ipsum dolor sit amet, consectetur adipisicing elit, sed do eiusmod tempor incididunt ut labore et dolore magna aliqua. Ut enim ad minim veniam, quis nostrud exercitation ullamco laboris nisi ut aliquip ex ea commodo consequat. Duis aute irure dolor in reprehenderit in voluptate velit esse cillum dolore eu fugiat nulla pariatur. Excepteur sint occaecat cupidatat non proident, sunt in culpa qui officia deserunt mollit anim id est laborum.Lorem ipsum dolor sit amet, consectetur adipisicing elit, sed do eiusmod tempor incididunt ut labore et dolore magna aliqua. Ut enim ad minim veniam, quis nostrud exercitation ullamco laboris nisi ut aliquip ex ea commodo consequat. Duis aute irure dolor in reprehenderit in voluptate velit esse cillum dolore eu fugiat nulla pariatur. Excepteur sint occaecat cupidatat non proident, sunt in culpa qui officia deserunt mollit anim id est laborum.Lorem ipsum dolor sit amet, consectetur adipisicing elit, sed do eiusmod tempor incididunt ut labore et dolore magna aliqua. Ut enim ad minim veniam, quis nostrud exercitation ullamco laboris nisi ut aliquip ex ea commodo consequat. Duis aute irure dolor in reprehenderit in voluptate velit esse cillum dolore eu fugiat nulla pariatur. Excepteur sint occaecat cupidatat non proident, sunt in culpa qui officia deserunt mollit anim id est laborum.Lorem ipsum dolor sit amet, consectetur adipisicing elit, sed do eiusmod tempor incididunt ut labore et dolore magna aliqua. Ut enim ad minim veniam, quis nostrud exercitation ullamco laboris nisi ut aliquip ex ea commodo consequat. Duis aute irure dolor in reprehenderit in voluptate velit esse cillum dolore eu fugiat nulla pariatur. Excepteur sint occaecat cupidatat non proident, sunt in culpa qui officia deserunt mollit anim id est laborum.<img src=\"http://127.0.0.1:8000/storage/uploads/images/03.png\" alt=\"\" width=\"800\" height=\"561\" /></p>','/storage/uploads/images/03.png','my-first-blog-post','meta descriptionLorem ipsum dolor sit amet, consectetur adipisicing elit, sed do eiusmod tempor incididunt ut labore et dolore magna aliqua. Ut enim ad minim veniam, quis nostrud exercitation ullamco laboris nisi ut aliquip ex ea commodo consequat. Duis aute irure dolor in reprehenderit in voluptate velit esse cillum dolore eu fugiat nulla pariatur.','meta keyLorem ipsum dolor sit amet, consectetur adipisicing elit, sed do eiusmod tempor incididunt ut labore et dolore magna aliqua. Ut enim ad minim veniam, quis nostrud exercitation ullamco laboris nisi ut aliquip ex ea commodo consequat. Duis aute irure dolor in reprehenderit in voluptate velit esse cillum dolore eu fugiat nulla pariatur.word','PUBLISHED',1,'2017-08-17 12:41:01','2017-08-21 20:16:30',NULL,NULL),(4,1,3,'my first blog post','seo title','Lorem ipsum dolor sit amet, consectetur adipisicing elit, sed do eiusmod tempor incididunt ut labore et dolore magna aliqua. Ut enim ad minim veniam, quis nostrud exercitation ullamco laboris nisi ut aliquip ex ea commodo consequat. Duis aute irure dolor in reprehenderit in voluptate velit esse cillum dolore eu fugiat nulla pariatur.','<p>&nbsp;</p>\r\n<p>Lorem ipsum dolor sit amet, consectetur adipisicing elit, sed do eiusmod tempor incididunt ut labore et dolore magna aliqua. Ut enim ad minim veniam, quis nostrud exercitation ullamco laboris nisi ut aliquip ex ea commodo consequat. Duis aute irure dolor in reprehenderit in voluptate velit esse cillum dolore eu fugiat nulla pariatur. Excepteur sint occaecat cupidatat non proident, sunt in culpa qui officia deserunt mollit anim id est laborum.Lorem ipsum dolor sit amet, consectetur adipisicing elit, sed do eiusmod tempor incididunt ut labore et dolore magna aliqua. Ut enim ad minim veniam, quis nostrud exercitation ullamco laboris nisi ut aliquip ex ea commodo consequat. Duis aute irure dolor in reprehenderit in voluptate velit esse cillum dolore eu fugiat nulla pariatur. Excepteur sint occaecat cupidatat non proident, sunt in culpa qui officia deserunt mollit anim id est laborum.Lorem ipsum dolor sit amet, consectetur adipisicing elit, sed do eiusmod tempor incididunt ut labore et dolore magna aliqua. Ut enim ad minim veniam, quis nostrud exercitation ullamco laboris nisi ut aliquip ex ea commodo consequat. Duis aute irure dolor in reprehenderit in voluptate velit esse cillum dolore eu fugiat nulla pariatur. Excepteur sint occaecat cupidatat non proident, sunt in culpa qui officia deserunt mollit anim id est laborum.Lorem ipsum dolor sit amet, consectetur adipisicing elit, sed do eiusmod tempor incididunt ut labore et dolore magna aliqua. Ut enim ad minim veniam, quis nostrud exercitation ullamco laboris nisi ut aliquip ex ea commodo consequat. Duis aute irure dolor in reprehenderit in voluptate velit esse cillum dolore eu fugiat nulla pariatur. Excepteur sint occaecat cupidatat non proident, sunt in culpa qui officia deserunt mollit anim id est laborum.Lorem ipsum dolor sit amet, consectetur adipisicing elit, sed do eiusmod tempor incididunt ut labore et dolore magna aliqua. Ut enim ad minim veniam, quis nostrud exercitation ullamco laboris nisi ut aliquip ex ea commodo consequat. Duis aute irure dolor in reprehenderit in voluptate velit esse cillum dolore eu fugiat nulla pariatur. Excepteur sint occaecat cupidatat non proident, sunt in culpa qui officia deserunt mollit anim id est laborum.Lorem ipsum dolor sit amet, consectetur adipisicing elit, sed do eiusmod tempor incididunt ut labore et dolore magna aliqua. Ut enim ad minim veniam, quis nostrud exercitation ullamco laboris nisi ut aliquip ex ea commodo consequat. Duis aute irure dolor in reprehenderit in voluptate velit esse cillum dolore eu fugiat nulla pariatur. Excepteur sint occaecat cupidatat non proident, sunt in culpa qui officia deserunt mollit anim id est laborum.Lorem ipsum dolor sit amet, consectetur adipisicing elit, sed do eiusmod tempor incididunt ut labore et dolore magna aliqua. Ut enim ad minim veniam, quis nostrud exercitation ullamco laboris nisi ut aliquip ex ea commodo consequat. Duis aute irure dolor in reprehenderit in voluptate velit esse cillum dolore eu fugiat nulla pariatur. Excepteur sint occaecat cupidatat non proident, sunt in culpa qui officia deserunt mollit anim id est laborum.Lorem ipsum dolor sit amet, consectetur adipisicing elit, sed do eiusmod tempor incididunt ut labore et dolore magna aliqua. Ut enim ad minim veniam, quis nostrud exercitation ullamco laboris nisi ut aliquip ex ea commodo consequat. Duis aute irure dolor in reprehenderit in voluptate velit esse cillum dolore eu fugiat nulla pariatur. Excepteur sint occaecat cupidatat non proident, sunt in culpa qui officia deserunt mollit anim id est laborum.<img src=\"http://127.0.0.1:8000/storage/uploads/images/03.png\" alt=\"\" width=\"800\" height=\"561\" /></p>','/storage/uploads/images/03.png','my-second-blog-post','meta descriptionLorem ipsum dolor sit amet, consectetur adipisicing elit, sed do eiusmod tempor incididunt ut labore et dolore magna aliqua. Ut enim ad minim veniam, quis nostrud exercitation ullamco laboris nisi ut aliquip ex ea commodo consequat. Duis aute irure dolor in reprehenderit in voluptate velit esse cillum dolore eu fugiat nulla pariatur.','meta keyLorem ipsum dolor sit amet, consectetur adipisicing elit, sed do eiusmod tempor incididunt ut labore et dolore magna aliqua. Ut enim ad minim veniam, quis nostrud exercitation ullamco laboris nisi ut aliquip ex ea commodo consequat. Duis aute irure dolor in reprehenderit in voluptate velit esse cillum dolore eu fugiat nulla pariatur.word','PUBLISHED',1,'2017-08-17 12:41:01','2017-08-21 20:16:30',NULL,NULL),(5,1,3,'my first blog post','seo title','Lorem ipsum dolor sit amet, consectetur adipisicing elit, sed do eiusmod tempor incididunt ut labore et dolore magna aliqua. Ut enim ad minim veniam, quis nostrud exercitation ullamco laboris nisi ut aliquip ex ea commodo consequat. Duis aute irure dolor in reprehenderit in voluptate velit esse cillum dolore eu fugiat nulla pariatur.','<p>&nbsp;</p>\r\n<p>Lorem ipsum dolor sit amet, consectetur adipisicing elit, sed do eiusmod tempor incididunt ut labore et dolore magna aliqua. Ut enim ad minim veniam, quis nostrud exercitation ullamco laboris nisi ut aliquip ex ea commodo consequat. Duis aute irure dolor in reprehenderit in voluptate velit esse cillum dolore eu fugiat nulla pariatur. Excepteur sint occaecat cupidatat non proident, sunt in culpa qui officia deserunt mollit anim id est laborum.Lorem ipsum dolor sit amet, consectetur adipisicing elit, sed do eiusmod tempor incididunt ut labore et dolore magna aliqua. Ut enim ad minim veniam, quis nostrud exercitation ullamco laboris nisi ut aliquip ex ea commodo consequat. Duis aute irure dolor in reprehenderit in voluptate velit esse cillum dolore eu fugiat nulla pariatur. Excepteur sint occaecat cupidatat non proident, sunt in culpa qui officia deserunt mollit anim id est laborum.Lorem ipsum dolor sit amet, consectetur adipisicing elit, sed do eiusmod tempor incididunt ut labore et dolore magna aliqua. Ut enim ad minim veniam, quis nostrud exercitation ullamco laboris nisi ut aliquip ex ea commodo consequat. Duis aute irure dolor in reprehenderit in voluptate velit esse cillum dolore eu fugiat nulla pariatur. Excepteur sint occaecat cupidatat non proident, sunt in culpa qui officia deserunt mollit anim id est laborum.Lorem ipsum dolor sit amet, consectetur adipisicing elit, sed do eiusmod tempor incididunt ut labore et dolore magna aliqua. Ut enim ad minim veniam, quis nostrud exercitation ullamco laboris nisi ut aliquip ex ea commodo consequat. Duis aute irure dolor in reprehenderit in voluptate velit esse cillum dolore eu fugiat nulla pariatur. Excepteur sint occaecat cupidatat non proident, sunt in culpa qui officia deserunt mollit anim id est laborum.Lorem ipsum dolor sit amet, consectetur adipisicing elit, sed do eiusmod tempor incididunt ut labore et dolore magna aliqua. Ut enim ad minim veniam, quis nostrud exercitation ullamco laboris nisi ut aliquip ex ea commodo consequat. Duis aute irure dolor in reprehenderit in voluptate velit esse cillum dolore eu fugiat nulla pariatur. Excepteur sint occaecat cupidatat non proident, sunt in culpa qui officia deserunt mollit anim id est laborum.Lorem ipsum dolor sit amet, consectetur adipisicing elit, sed do eiusmod tempor incididunt ut labore et dolore magna aliqua. Ut enim ad minim veniam, quis nostrud exercitation ullamco laboris nisi ut aliquip ex ea commodo consequat. Duis aute irure dolor in reprehenderit in voluptate velit esse cillum dolore eu fugiat nulla pariatur. Excepteur sint occaecat cupidatat non proident, sunt in culpa qui officia deserunt mollit anim id est laborum.Lorem ipsum dolor sit amet, consectetur adipisicing elit, sed do eiusmod tempor incididunt ut labore et dolore magna aliqua. Ut enim ad minim veniam, quis nostrud exercitation ullamco laboris nisi ut aliquip ex ea commodo consequat. Duis aute irure dolor in reprehenderit in voluptate velit esse cillum dolore eu fugiat nulla pariatur. Excepteur sint occaecat cupidatat non proident, sunt in culpa qui officia deserunt mollit anim id est laborum.Lorem ipsum dolor sit amet, consectetur adipisicing elit, sed do eiusmod tempor incididunt ut labore et dolore magna aliqua. Ut enim ad minim veniam, quis nostrud exercitation ullamco laboris nisi ut aliquip ex ea commodo consequat. Duis aute irure dolor in reprehenderit in voluptate velit esse cillum dolore eu fugiat nulla pariatur. Excepteur sint occaecat cupidatat non proident, sunt in culpa qui officia deserunt mollit anim id est laborum.<img src=\"http://127.0.0.1:8000/storage/uploads/images/03.png\" alt=\"\" width=\"800\" height=\"561\" /></p>','/storage/uploads/images/03.png','my-third-blog-post','meta descriptionLorem ipsum dolor sit amet, consectetur adipisicing elit, sed do eiusmod tempor incididunt ut labore et dolore magna aliqua. Ut enim ad minim veniam, quis nostrud exercitation ullamco laboris nisi ut aliquip ex ea commodo consequat. Duis aute irure dolor in reprehenderit in voluptate velit esse cillum dolore eu fugiat nulla pariatur.','meta keyLorem ipsum dolor sit amet, consectetur adipisicing elit, sed do eiusmod tempor incididunt ut labore et dolore magna aliqua. Ut enim ad minim veniam, quis nostrud exercitation ullamco laboris nisi ut aliquip ex ea commodo consequat. Duis aute irure dolor in reprehenderit in voluptate velit esse cillum dolore eu fugiat nulla pariatur.word','PUBLISHED',1,'2017-08-17 12:41:01','2017-08-21 20:16:30',NULL,NULL),(6,1,3,'my first blog post','seo title','Lorem ipsum dolor sit amet, consectetur adipisicing elit, sed do eiusmod tempor incididunt ut labore et dolore magna aliqua. Ut enim ad minim veniam, quis nostrud exercitation ullamco laboris nisi ut aliquip ex ea commodo consequat. Duis aute irure dolor in reprehenderit in voluptate velit esse cillum dolore eu fugiat nulla pariatur.','<p>&nbsp;</p>\r\n<p>Lorem ipsum dolor sit amet, consectetur adipisicing elit, sed do eiusmod tempor incididunt ut labore et dolore magna aliqua. Ut enim ad minim veniam, quis nostrud exercitation ullamco laboris nisi ut aliquip ex ea commodo consequat. Duis aute irure dolor in reprehenderit in voluptate velit esse cillum dolore eu fugiat nulla pariatur. Excepteur sint occaecat cupidatat non proident, sunt in culpa qui officia deserunt mollit anim id est laborum.Lorem ipsum dolor sit amet, consectetur adipisicing elit, sed do eiusmod tempor incididunt ut labore et dolore magna aliqua. Ut enim ad minim veniam, quis nostrud exercitation ullamco laboris nisi ut aliquip ex ea commodo consequat. Duis aute irure dolor in reprehenderit in voluptate velit esse cillum dolore eu fugiat nulla pariatur. Excepteur sint occaecat cupidatat non proident, sunt in culpa qui officia deserunt mollit anim id est laborum.Lorem ipsum dolor sit amet, consectetur adipisicing elit, sed do eiusmod tempor incididunt ut labore et dolore magna aliqua. Ut enim ad minim veniam, quis nostrud exercitation ullamco laboris nisi ut aliquip ex ea commodo consequat. Duis aute irure dolor in reprehenderit in voluptate velit esse cillum dolore eu fugiat nulla pariatur. Excepteur sint occaecat cupidatat non proident, sunt in culpa qui officia deserunt mollit anim id est laborum.Lorem ipsum dolor sit amet, consectetur adipisicing elit, sed do eiusmod tempor incididunt ut labore et dolore magna aliqua. Ut enim ad minim veniam, quis nostrud exercitation ullamco laboris nisi ut aliquip ex ea commodo consequat. Duis aute irure dolor in reprehenderit in voluptate velit esse cillum dolore eu fugiat nulla pariatur. Excepteur sint occaecat cupidatat non proident, sunt in culpa qui officia deserunt mollit anim id est laborum.Lorem ipsum dolor sit amet, consectetur adipisicing elit, sed do eiusmod tempor incididunt ut labore et dolore magna aliqua. Ut enim ad minim veniam, quis nostrud exercitation ullamco laboris nisi ut aliquip ex ea commodo consequat. Duis aute irure dolor in reprehenderit in voluptate velit esse cillum dolore eu fugiat nulla pariatur. Excepteur sint occaecat cupidatat non proident, sunt in culpa qui officia deserunt mollit anim id est laborum.Lorem ipsum dolor sit amet, consectetur adipisicing elit, sed do eiusmod tempor incididunt ut labore et dolore magna aliqua. Ut enim ad minim veniam, quis nostrud exercitation ullamco laboris nisi ut aliquip ex ea commodo consequat. Duis aute irure dolor in reprehenderit in voluptate velit esse cillum dolore eu fugiat nulla pariatur. Excepteur sint occaecat cupidatat non proident, sunt in culpa qui officia deserunt mollit anim id est laborum.Lorem ipsum dolor sit amet, consectetur adipisicing elit, sed do eiusmod tempor incididunt ut labore et dolore magna aliqua. Ut enim ad minim veniam, quis nostrud exercitation ullamco laboris nisi ut aliquip ex ea commodo consequat. Duis aute irure dolor in reprehenderit in voluptate velit esse cillum dolore eu fugiat nulla pariatur. Excepteur sint occaecat cupidatat non proident, sunt in culpa qui officia deserunt mollit anim id est laborum.Lorem ipsum dolor sit amet, consectetur adipisicing elit, sed do eiusmod tempor incididunt ut labore et dolore magna aliqua. Ut enim ad minim veniam, quis nostrud exercitation ullamco laboris nisi ut aliquip ex ea commodo consequat. Duis aute irure dolor in reprehenderit in voluptate velit esse cillum dolore eu fugiat nulla pariatur. Excepteur sint occaecat cupidatat non proident, sunt in culpa qui officia deserunt mollit anim id est laborum.<img src=\"http://127.0.0.1:8000/storage/uploads/images/03.png\" alt=\"\" width=\"800\" height=\"561\" /></p>','/storage/uploads/images/03.png','my-fourth-blog-post','meta descriptionLorem ipsum dolor sit amet, consectetur adipisicing elit, sed do eiusmod tempor incididunt ut labore et dolore magna aliqua. Ut enim ad minim veniam, quis nostrud exercitation ullamco laboris nisi ut aliquip ex ea commodo consequat. Duis aute irure dolor in reprehenderit in voluptate velit esse cillum dolore eu fugiat nulla pariatur.','meta keyLorem ipsum dolor sit amet, consectetur adipisicing elit, sed do eiusmod tempor incididunt ut labore et dolore magna aliqua. Ut enim ad minim veniam, quis nostrud exercitation ullamco laboris nisi ut aliquip ex ea commodo consequat. Duis aute irure dolor in reprehenderit in voluptate velit esse cillum dolore eu fugiat nulla pariatur.word','PUBLISHED',1,'2017-08-17 12:41:01','2017-08-21 20:16:30',NULL,NULL),(7,1,3,'my first blog post','seo title','Lorem ipsum dolor sit amet, consectetur adipisicing elit, sed do eiusmod tempor incididunt ut labore et dolore magna aliqua. Ut enim ad minim veniam, quis nostrud exercitation ullamco laboris nisi ut aliquip ex ea commodo consequat. Duis aute irure dolor in reprehenderit in voluptate velit esse cillum dolore eu fugiat nulla pariatur.','<p>&nbsp;</p>\r\n<p>Lorem ipsum dolor sit amet, consectetur adipisicing elit, sed do eiusmod tempor incididunt ut labore et dolore magna aliqua. Ut enim ad minim veniam, quis nostrud exercitation ullamco laboris nisi ut aliquip ex ea commodo consequat. Duis aute irure dolor in reprehenderit in voluptate velit esse cillum dolore eu fugiat nulla pariatur. Excepteur sint occaecat cupidatat non proident, sunt in culpa qui officia deserunt mollit anim id est laborum.Lorem ipsum dolor sit amet, consectetur adipisicing elit, sed do eiusmod tempor incididunt ut labore et dolore magna aliqua. Ut enim ad minim veniam, quis nostrud exercitation ullamco laboris nisi ut aliquip ex ea commodo consequat. Duis aute irure dolor in reprehenderit in voluptate velit esse cillum dolore eu fugiat nulla pariatur. Excepteur sint occaecat cupidatat non proident, sunt in culpa qui officia deserunt mollit anim id est laborum.Lorem ipsum dolor sit amet, consectetur adipisicing elit, sed do eiusmod tempor incididunt ut labore et dolore magna aliqua. Ut enim ad minim veniam, quis nostrud exercitation ullamco laboris nisi ut aliquip ex ea commodo consequat. Duis aute irure dolor in reprehenderit in voluptate velit esse cillum dolore eu fugiat nulla pariatur. Excepteur sint occaecat cupidatat non proident, sunt in culpa qui officia deserunt mollit anim id est laborum.Lorem ipsum dolor sit amet, consectetur adipisicing elit, sed do eiusmod tempor incididunt ut labore et dolore magna aliqua. Ut enim ad minim veniam, quis nostrud exercitation ullamco laboris nisi ut aliquip ex ea commodo consequat. Duis aute irure dolor in reprehenderit in voluptate velit esse cillum dolore eu fugiat nulla pariatur. Excepteur sint occaecat cupidatat non proident, sunt in culpa qui officia deserunt mollit anim id est laborum.Lorem ipsum dolor sit amet, consectetur adipisicing elit, sed do eiusmod tempor incididunt ut labore et dolore magna aliqua. Ut enim ad minim veniam, quis nostrud exercitation ullamco laboris nisi ut aliquip ex ea commodo consequat. Duis aute irure dolor in reprehenderit in voluptate velit esse cillum dolore eu fugiat nulla pariatur. Excepteur sint occaecat cupidatat non proident, sunt in culpa qui officia deserunt mollit anim id est laborum.Lorem ipsum dolor sit amet, consectetur adipisicing elit, sed do eiusmod tempor incididunt ut labore et dolore magna aliqua. Ut enim ad minim veniam, quis nostrud exercitation ullamco laboris nisi ut aliquip ex ea commodo consequat. Duis aute irure dolor in reprehenderit in voluptate velit esse cillum dolore eu fugiat nulla pariatur. Excepteur sint occaecat cupidatat non proident, sunt in culpa qui officia deserunt mollit anim id est laborum.Lorem ipsum dolor sit amet, consectetur adipisicing elit, sed do eiusmod tempor incididunt ut labore et dolore magna aliqua. Ut enim ad minim veniam, quis nostrud exercitation ullamco laboris nisi ut aliquip ex ea commodo consequat. Duis aute irure dolor in reprehenderit in voluptate velit esse cillum dolore eu fugiat nulla pariatur. Excepteur sint occaecat cupidatat non proident, sunt in culpa qui officia deserunt mollit anim id est laborum.Lorem ipsum dolor sit amet, consectetur adipisicing elit, sed do eiusmod tempor incididunt ut labore et dolore magna aliqua. Ut enim ad minim veniam, quis nostrud exercitation ullamco laboris nisi ut aliquip ex ea commodo consequat. Duis aute irure dolor in reprehenderit in voluptate velit esse cillum dolore eu fugiat nulla pariatur. Excepteur sint occaecat cupidatat non proident, sunt in culpa qui officia deserunt mollit anim id est laborum.<img src=\"http://127.0.0.1:8000/storage/uploads/images/03.png\" alt=\"\" width=\"800\" height=\"561\" /></p>','/storage/uploads/images/03.png','my-fifth-blog-post','meta descriptionLorem ipsum dolor sit amet, consectetur adipisicing elit, sed do eiusmod tempor incididunt ut labore et dolore magna aliqua. Ut enim ad minim veniam, quis nostrud exercitation ullamco laboris nisi ut aliquip ex ea commodo consequat. Duis aute irure dolor in reprehenderit in voluptate velit esse cillum dolore eu fugiat nulla pariatur.','meta keyLorem ipsum dolor sit amet, consectetur adipisicing elit, sed do eiusmod tempor incididunt ut labore et dolore magna aliqua. Ut enim ad minim veniam, quis nostrud exercitation ullamco laboris nisi ut aliquip ex ea commodo consequat. Duis aute irure dolor in reprehenderit in voluptate velit esse cillum dolore eu fugiat nulla pariatur.word','PUBLISHED',1,'2017-08-17 12:41:01','2017-08-21 20:16:30',NULL,NULL),(8,1,3,'my first blog post','seo title','Lorem ipsum dolor sit amet, consectetur adipisicing elit, sed do eiusmod tempor incididunt ut labore et dolore magna aliqua. Ut enim ad minim veniam, quis nostrud exercitation ullamco laboris nisi ut aliquip ex ea commodo consequat. Duis aute irure dolor in reprehenderit in voluptate velit esse cillum dolore eu fugiat nulla pariatur.','<p>&nbsp;</p>\r\n<p>Lorem ipsum dolor sit amet, consectetur adipisicing elit, sed do eiusmod tempor incididunt ut labore et dolore magna aliqua. Ut enim ad minim veniam, quis nostrud exercitation ullamco laboris nisi ut aliquip ex ea commodo consequat. Duis aute irure dolor in reprehenderit in voluptate velit esse cillum dolore eu fugiat nulla pariatur. Excepteur sint occaecat cupidatat non proident, sunt in culpa qui officia deserunt mollit anim id est laborum.Lorem ipsum dolor sit amet, consectetur adipisicing elit, sed do eiusmod tempor incididunt ut labore et dolore magna aliqua. Ut enim ad minim veniam, quis nostrud exercitation ullamco laboris nisi ut aliquip ex ea commodo consequat. Duis aute irure dolor in reprehenderit in voluptate velit esse cillum dolore eu fugiat nulla pariatur. Excepteur sint occaecat cupidatat non proident, sunt in culpa qui officia deserunt mollit anim id est laborum.Lorem ipsum dolor sit amet, consectetur adipisicing elit, sed do eiusmod tempor incididunt ut labore et dolore magna aliqua. Ut enim ad minim veniam, quis nostrud exercitation ullamco laboris nisi ut aliquip ex ea commodo consequat. Duis aute irure dolor in reprehenderit in voluptate velit esse cillum dolore eu fugiat nulla pariatur. Excepteur sint occaecat cupidatat non proident, sunt in culpa qui officia deserunt mollit anim id est laborum.Lorem ipsum dolor sit amet, consectetur adipisicing elit, sed do eiusmod tempor incididunt ut labore et dolore magna aliqua. Ut enim ad minim veniam, quis nostrud exercitation ullamco laboris nisi ut aliquip ex ea commodo consequat. Duis aute irure dolor in reprehenderit in voluptate velit esse cillum dolore eu fugiat nulla pariatur. Excepteur sint occaecat cupidatat non proident, sunt in culpa qui officia deserunt mollit anim id est laborum.Lorem ipsum dolor sit amet, consectetur adipisicing elit, sed do eiusmod tempor incididunt ut labore et dolore magna aliqua. Ut enim ad minim veniam, quis nostrud exercitation ullamco laboris nisi ut aliquip ex ea commodo consequat. Duis aute irure dolor in reprehenderit in voluptate velit esse cillum dolore eu fugiat nulla pariatur. Excepteur sint occaecat cupidatat non proident, sunt in culpa qui officia deserunt mollit anim id est laborum.Lorem ipsum dolor sit amet, consectetur adipisicing elit, sed do eiusmod tempor incididunt ut labore et dolore magna aliqua. Ut enim ad minim veniam, quis nostrud exercitation ullamco laboris nisi ut aliquip ex ea commodo consequat. Duis aute irure dolor in reprehenderit in voluptate velit esse cillum dolore eu fugiat nulla pariatur. Excepteur sint occaecat cupidatat non proident, sunt in culpa qui officia deserunt mollit anim id est laborum.Lorem ipsum dolor sit amet, consectetur adipisicing elit, sed do eiusmod tempor incididunt ut labore et dolore magna aliqua. Ut enim ad minim veniam, quis nostrud exercitation ullamco laboris nisi ut aliquip ex ea commodo consequat. Duis aute irure dolor in reprehenderit in voluptate velit esse cillum dolore eu fugiat nulla pariatur. Excepteur sint occaecat cupidatat non proident, sunt in culpa qui officia deserunt mollit anim id est laborum.Lorem ipsum dolor sit amet, consectetur adipisicing elit, sed do eiusmod tempor incididunt ut labore et dolore magna aliqua. Ut enim ad minim veniam, quis nostrud exercitation ullamco laboris nisi ut aliquip ex ea commodo consequat. Duis aute irure dolor in reprehenderit in voluptate velit esse cillum dolore eu fugiat nulla pariatur. Excepteur sint occaecat cupidatat non proident, sunt in culpa qui officia deserunt mollit anim id est laborum.<img src=\"http://127.0.0.1:8000/storage/uploads/images/03.png\" alt=\"\" width=\"800\" height=\"561\" /></p>','/storage/uploads/images/03.png','my-sixth-blog-post','meta descriptionLorem ipsum dolor sit amet, consectetur adipisicing elit, sed do eiusmod tempor incididunt ut labore et dolore magna aliqua. Ut enim ad minim veniam, quis nostrud exercitation ullamco laboris nisi ut aliquip ex ea commodo consequat. Duis aute irure dolor in reprehenderit in voluptate velit esse cillum dolore eu fugiat nulla pariatur.','meta keyLorem ipsum dolor sit amet, consectetur adipisicing elit, sed do eiusmod tempor incididunt ut labore et dolore magna aliqua. Ut enim ad minim veniam, quis nostrud exercitation ullamco laboris nisi ut aliquip ex ea commodo consequat. Duis aute irure dolor in reprehenderit in voluptate velit esse cillum dolore eu fugiat nulla pariatur.word','PUBLISHED',1,'2017-08-17 12:41:01','2017-08-21 20:16:30',NULL,NULL),(9,1,3,'my first blog post','seo title','Lorem ipsum dolor sit amet, consectetur adipisicing elit, sed do eiusmod tempor incididunt ut labore et dolore magna aliqua. Ut enim ad minim veniam, quis nostrud exercitation ullamco laboris nisi ut aliquip ex ea commodo consequat. Duis aute irure dolor in reprehenderit in voluptate velit esse cillum dolore eu fugiat nulla pariatur.','<p>&nbsp;</p>\r\n<p>Lorem ipsum dolor sit amet, consectetur adipisicing elit, sed do eiusmod tempor incididunt ut labore et dolore magna aliqua. Ut enim ad minim veniam, quis nostrud exercitation ullamco laboris nisi ut aliquip ex ea commodo consequat. Duis aute irure dolor in reprehenderit in voluptate velit esse cillum dolore eu fugiat nulla pariatur. Excepteur sint occaecat cupidatat non proident, sunt in culpa qui officia deserunt mollit anim id est laborum.Lorem ipsum dolor sit amet, consectetur adipisicing elit, sed do eiusmod tempor incididunt ut labore et dolore magna aliqua. Ut enim ad minim veniam, quis nostrud exercitation ullamco laboris nisi ut aliquip ex ea commodo consequat. Duis aute irure dolor in reprehenderit in voluptate velit esse cillum dolore eu fugiat nulla pariatur. Excepteur sint occaecat cupidatat non proident, sunt in culpa qui officia deserunt mollit anim id est laborum.Lorem ipsum dolor sit amet, consectetur adipisicing elit, sed do eiusmod tempor incididunt ut labore et dolore magna aliqua. Ut enim ad minim veniam, quis nostrud exercitation ullamco laboris nisi ut aliquip ex ea commodo consequat. Duis aute irure dolor in reprehenderit in voluptate velit esse cillum dolore eu fugiat nulla pariatur. Excepteur sint occaecat cupidatat non proident, sunt in culpa qui officia deserunt mollit anim id est laborum.Lorem ipsum dolor sit amet, consectetur adipisicing elit, sed do eiusmod tempor incididunt ut labore et dolore magna aliqua. Ut enim ad minim veniam, quis nostrud exercitation ullamco laboris nisi ut aliquip ex ea commodo consequat. Duis aute irure dolor in reprehenderit in voluptate velit esse cillum dolore eu fugiat nulla pariatur. Excepteur sint occaecat cupidatat non proident, sunt in culpa qui officia deserunt mollit anim id est laborum.Lorem ipsum dolor sit amet, consectetur adipisicing elit, sed do eiusmod tempor incididunt ut labore et dolore magna aliqua. Ut enim ad minim veniam, quis nostrud exercitation ullamco laboris nisi ut aliquip ex ea commodo consequat. Duis aute irure dolor in reprehenderit in voluptate velit esse cillum dolore eu fugiat nulla pariatur. Excepteur sint occaecat cupidatat non proident, sunt in culpa qui officia deserunt mollit anim id est laborum.Lorem ipsum dolor sit amet, consectetur adipisicing elit, sed do eiusmod tempor incididunt ut labore et dolore magna aliqua. Ut enim ad minim veniam, quis nostrud exercitation ullamco laboris nisi ut aliquip ex ea commodo consequat. Duis aute irure dolor in reprehenderit in voluptate velit esse cillum dolore eu fugiat nulla pariatur. Excepteur sint occaecat cupidatat non proident, sunt in culpa qui officia deserunt mollit anim id est laborum.Lorem ipsum dolor sit amet, consectetur adipisicing elit, sed do eiusmod tempor incididunt ut labore et dolore magna aliqua. Ut enim ad minim veniam, quis nostrud exercitation ullamco laboris nisi ut aliquip ex ea commodo consequat. Duis aute irure dolor in reprehenderit in voluptate velit esse cillum dolore eu fugiat nulla pariatur. Excepteur sint occaecat cupidatat non proident, sunt in culpa qui officia deserunt mollit anim id est laborum.Lorem ipsum dolor sit amet, consectetur adipisicing elit, sed do eiusmod tempor incididunt ut labore et dolore magna aliqua. Ut enim ad minim veniam, quis nostrud exercitation ullamco laboris nisi ut aliquip ex ea commodo consequat. Duis aute irure dolor in reprehenderit in voluptate velit esse cillum dolore eu fugiat nulla pariatur. Excepteur sint occaecat cupidatat non proident, sunt in culpa qui officia deserunt mollit anim id est laborum.<img src=\"http://127.0.0.1:8000/storage/uploads/images/03.png\" alt=\"\" width=\"800\" height=\"561\" /></p>','/storage/uploads/images/03.png','my-seventh-blog-post','meta descriptionLorem ipsum dolor sit amet, consectetur adipisicing elit, sed do eiusmod tempor incididunt ut labore et dolore magna aliqua. Ut enim ad minim veniam, quis nostrud exercitation ullamco laboris nisi ut aliquip ex ea commodo consequat. Duis aute irure dolor in reprehenderit in voluptate velit esse cillum dolore eu fugiat nulla pariatur.','meta keyLorem ipsum dolor sit amet, consectetur adipisicing elit, sed do eiusmod tempor incididunt ut labore et dolore magna aliqua. Ut enim ad minim veniam, quis nostrud exercitation ullamco laboris nisi ut aliquip ex ea commodo consequat. Duis aute irure dolor in reprehenderit in voluptate velit esse cillum dolore eu fugiat nulla pariatur.word','PUBLISHED',1,'2017-08-17 12:41:01','2017-08-21 20:16:30',NULL,NULL),(10,1,3,'my first blog post','seo title','Lorem ipsum dolor sit amet, consectetur adipisicing elit, sed do eiusmod tempor incididunt ut labore et dolore magna aliqua. Ut enim ad minim veniam, quis nostrud exercitation ullamco laboris nisi ut aliquip ex ea commodo consequat. Duis aute irure dolor in reprehenderit in voluptate velit esse cillum dolore eu fugiat nulla pariatur.','<p>&nbsp;</p>\r\n<p>Lorem ipsum dolor sit amet, consectetur adipisicing elit, sed do eiusmod tempor incididunt ut labore et dolore magna aliqua. Ut enim ad minim veniam, quis nostrud exercitation ullamco laboris nisi ut aliquip ex ea commodo consequat. Duis aute irure dolor in reprehenderit in voluptate velit esse cillum dolore eu fugiat nulla pariatur. Excepteur sint occaecat cupidatat non proident, sunt in culpa qui officia deserunt mollit anim id est laborum.Lorem ipsum dolor sit amet, consectetur adipisicing elit, sed do eiusmod tempor incididunt ut labore et dolore magna aliqua. Ut enim ad minim veniam, quis nostrud exercitation ullamco laboris nisi ut aliquip ex ea commodo consequat. Duis aute irure dolor in reprehenderit in voluptate velit esse cillum dolore eu fugiat nulla pariatur. Excepteur sint occaecat cupidatat non proident, sunt in culpa qui officia deserunt mollit anim id est laborum.Lorem ipsum dolor sit amet, consectetur adipisicing elit, sed do eiusmod tempor incididunt ut labore et dolore magna aliqua. Ut enim ad minim veniam, quis nostrud exercitation ullamco laboris nisi ut aliquip ex ea commodo consequat. Duis aute irure dolor in reprehenderit in voluptate velit esse cillum dolore eu fugiat nulla pariatur. Excepteur sint occaecat cupidatat non proident, sunt in culpa qui officia deserunt mollit anim id est laborum.Lorem ipsum dolor sit amet, consectetur adipisicing elit, sed do eiusmod tempor incididunt ut labore et dolore magna aliqua. Ut enim ad minim veniam, quis nostrud exercitation ullamco laboris nisi ut aliquip ex ea commodo consequat. Duis aute irure dolor in reprehenderit in voluptate velit esse cillum dolore eu fugiat nulla pariatur. Excepteur sint occaecat cupidatat non proident, sunt in culpa qui officia deserunt mollit anim id est laborum.Lorem ipsum dolor sit amet, consectetur adipisicing elit, sed do eiusmod tempor incididunt ut labore et dolore magna aliqua. Ut enim ad minim veniam, quis nostrud exercitation ullamco laboris nisi ut aliquip ex ea commodo consequat. Duis aute irure dolor in reprehenderit in voluptate velit esse cillum dolore eu fugiat nulla pariatur. Excepteur sint occaecat cupidatat non proident, sunt in culpa qui officia deserunt mollit anim id est laborum.Lorem ipsum dolor sit amet, consectetur adipisicing elit, sed do eiusmod tempor incididunt ut labore et dolore magna aliqua. Ut enim ad minim veniam, quis nostrud exercitation ullamco laboris nisi ut aliquip ex ea commodo consequat. Duis aute irure dolor in reprehenderit in voluptate velit esse cillum dolore eu fugiat nulla pariatur. Excepteur sint occaecat cupidatat non proident, sunt in culpa qui officia deserunt mollit anim id est laborum.Lorem ipsum dolor sit amet, consectetur adipisicing elit, sed do eiusmod tempor incididunt ut labore et dolore magna aliqua. Ut enim ad minim veniam, quis nostrud exercitation ullamco laboris nisi ut aliquip ex ea commodo consequat. Duis aute irure dolor in reprehenderit in voluptate velit esse cillum dolore eu fugiat nulla pariatur. Excepteur sint occaecat cupidatat non proident, sunt in culpa qui officia deserunt mollit anim id est laborum.Lorem ipsum dolor sit amet, consectetur adipisicing elit, sed do eiusmod tempor incididunt ut labore et dolore magna aliqua. Ut enim ad minim veniam, quis nostrud exercitation ullamco laboris nisi ut aliquip ex ea commodo consequat. Duis aute irure dolor in reprehenderit in voluptate velit esse cillum dolore eu fugiat nulla pariatur. Excepteur sint occaecat cupidatat non proident, sunt in culpa qui officia deserunt mollit anim id est laborum.<img src=\"http://127.0.0.1:8000/storage/uploads/images/03.png\" alt=\"\" width=\"800\" height=\"561\" /></p>','/storage/uploads/images/03.png','my-eighth-blog-post','meta descriptionLorem ipsum dolor sit amet, consectetur adipisicing elit, sed do eiusmod tempor incididunt ut labore et dolore magna aliqua. Ut enim ad minim veniam, quis nostrud exercitation ullamco laboris nisi ut aliquip ex ea commodo consequat. Duis aute irure dolor in reprehenderit in voluptate velit esse cillum dolore eu fugiat nulla pariatur.','meta keyLorem ipsum dolor sit amet, consectetur adipisicing elit, sed do eiusmod tempor incididunt ut labore et dolore magna aliqua. Ut enim ad minim veniam, quis nostrud exercitation ullamco laboris nisi ut aliquip ex ea commodo consequat. Duis aute irure dolor in reprehenderit in voluptate velit esse cillum dolore eu fugiat nulla pariatur.word','PUBLISHED',1,'2017-08-17 12:41:01','2017-08-21 20:16:30',NULL,NULL),(11,1,3,'my first blog post','seo title','Lorem ipsum dolor sit amet, consectetur adipisicing elit, sed do eiusmod tempor incididunt ut labore et dolore magna aliqua. Ut enim ad minim veniam, quis nostrud exercitation ullamco laboris nisi ut aliquip ex ea commodo consequat. Duis aute irure dolor in reprehenderit in voluptate velit esse cillum dolore eu fugiat nulla pariatur.','<p>&nbsp;</p>\r\n<p>Lorem ipsum dolor sit amet, consectetur adipisicing elit, sed do eiusmod tempor incididunt ut labore et dolore magna aliqua. Ut enim ad minim veniam, quis nostrud exercitation ullamco laboris nisi ut aliquip ex ea commodo consequat. Duis aute irure dolor in reprehenderit in voluptate velit esse cillum dolore eu fugiat nulla pariatur. Excepteur sint occaecat cupidatat non proident, sunt in culpa qui officia deserunt mollit anim id est laborum.Lorem ipsum dolor sit amet, consectetur adipisicing elit, sed do eiusmod tempor incididunt ut labore et dolore magna aliqua. Ut enim ad minim veniam, quis nostrud exercitation ullamco laboris nisi ut aliquip ex ea commodo consequat. Duis aute irure dolor in reprehenderit in voluptate velit esse cillum dolore eu fugiat nulla pariatur. Excepteur sint occaecat cupidatat non proident, sunt in culpa qui officia deserunt mollit anim id est laborum.Lorem ipsum dolor sit amet, consectetur adipisicing elit, sed do eiusmod tempor incididunt ut labore et dolore magna aliqua. Ut enim ad minim veniam, quis nostrud exercitation ullamco laboris nisi ut aliquip ex ea commodo consequat. Duis aute irure dolor in reprehenderit in voluptate velit esse cillum dolore eu fugiat nulla pariatur. Excepteur sint occaecat cupidatat non proident, sunt in culpa qui officia deserunt mollit anim id est laborum.Lorem ipsum dolor sit amet, consectetur adipisicing elit, sed do eiusmod tempor incididunt ut labore et dolore magna aliqua. Ut enim ad minim veniam, quis nostrud exercitation ullamco laboris nisi ut aliquip ex ea commodo consequat. Duis aute irure dolor in reprehenderit in voluptate velit esse cillum dolore eu fugiat nulla pariatur. Excepteur sint occaecat cupidatat non proident, sunt in culpa qui officia deserunt mollit anim id est laborum.Lorem ipsum dolor sit amet, consectetur adipisicing elit, sed do eiusmod tempor incididunt ut labore et dolore magna aliqua. Ut enim ad minim veniam, quis nostrud exercitation ullamco laboris nisi ut aliquip ex ea commodo consequat. Duis aute irure dolor in reprehenderit in voluptate velit esse cillum dolore eu fugiat nulla pariatur. Excepteur sint occaecat cupidatat non proident, sunt in culpa qui officia deserunt mollit anim id est laborum.Lorem ipsum dolor sit amet, consectetur adipisicing elit, sed do eiusmod tempor incididunt ut labore et dolore magna aliqua. Ut enim ad minim veniam, quis nostrud exercitation ullamco laboris nisi ut aliquip ex ea commodo consequat. Duis aute irure dolor in reprehenderit in voluptate velit esse cillum dolore eu fugiat nulla pariatur. Excepteur sint occaecat cupidatat non proident, sunt in culpa qui officia deserunt mollit anim id est laborum.Lorem ipsum dolor sit amet, consectetur adipisicing elit, sed do eiusmod tempor incididunt ut labore et dolore magna aliqua. Ut enim ad minim veniam, quis nostrud exercitation ullamco laboris nisi ut aliquip ex ea commodo consequat. Duis aute irure dolor in reprehenderit in voluptate velit esse cillum dolore eu fugiat nulla pariatur. Excepteur sint occaecat cupidatat non proident, sunt in culpa qui officia deserunt mollit anim id est laborum.Lorem ipsum dolor sit amet, consectetur adipisicing elit, sed do eiusmod tempor incididunt ut labore et dolore magna aliqua. Ut enim ad minim veniam, quis nostrud exercitation ullamco laboris nisi ut aliquip ex ea commodo consequat. Duis aute irure dolor in reprehenderit in voluptate velit esse cillum dolore eu fugiat nulla pariatur. Excepteur sint occaecat cupidatat non proident, sunt in culpa qui officia deserunt mollit anim id est laborum.<img src=\"http://127.0.0.1:8000/storage/uploads/images/03.png\" alt=\"\" width=\"800\" height=\"561\" /></p>','/storage/uploads/images/03.png','my-nineth-blog-post','meta descriptionLorem ipsum dolor sit amet, consectetur adipisicing elit, sed do eiusmod tempor incididunt ut labore et dolore magna aliqua. Ut enim ad minim veniam, quis nostrud exercitation ullamco laboris nisi ut aliquip ex ea commodo consequat. Duis aute irure dolor in reprehenderit in voluptate velit esse cillum dolore eu fugiat nulla pariatur.','meta keyLorem ipsum dolor sit amet, consectetur adipisicing elit, sed do eiusmod tempor incididunt ut labore et dolore magna aliqua. Ut enim ad minim veniam, quis nostrud exercitation ullamco laboris nisi ut aliquip ex ea commodo consequat. Duis aute irure dolor in reprehenderit in voluptate velit esse cillum dolore eu fugiat nulla pariatur.word','PUBLISHED',1,'2017-08-17 12:41:01','2017-08-21 20:16:30',NULL,NULL),(12,1,3,'my first blog post','seo title','Lorem ipsum dolor sit amet, consectetur adipisicing elit, sed do eiusmod tempor incididunt ut labore et dolore magna aliqua. Ut enim ad minim veniam, quis nostrud exercitation ullamco laboris nisi ut aliquip ex ea commodo consequat. Duis aute irure dolor in reprehenderit in voluptate velit esse cillum dolore eu fugiat nulla pariatur.','<p>&nbsp;</p>\r\n<p>Lorem ipsum dolor sit amet, consectetur adipisicing elit, sed do eiusmod tempor incididunt ut labore et dolore magna aliqua. Ut enim ad minim veniam, quis nostrud exercitation ullamco laboris nisi ut aliquip ex ea commodo consequat. Duis aute irure dolor in reprehenderit in voluptate velit esse cillum dolore eu fugiat nulla pariatur. Excepteur sint occaecat cupidatat non proident, sunt in culpa qui officia deserunt mollit anim id est laborum.Lorem ipsum dolor sit amet, consectetur adipisicing elit, sed do eiusmod tempor incididunt ut labore et dolore magna aliqua. Ut enim ad minim veniam, quis nostrud exercitation ullamco laboris nisi ut aliquip ex ea commodo consequat. Duis aute irure dolor in reprehenderit in voluptate velit esse cillum dolore eu fugiat nulla pariatur. Excepteur sint occaecat cupidatat non proident, sunt in culpa qui officia deserunt mollit anim id est laborum.Lorem ipsum dolor sit amet, consectetur adipisicing elit, sed do eiusmod tempor incididunt ut labore et dolore magna aliqua. Ut enim ad minim veniam, quis nostrud exercitation ullamco laboris nisi ut aliquip ex ea commodo consequat. Duis aute irure dolor in reprehenderit in voluptate velit esse cillum dolore eu fugiat nulla pariatur. Excepteur sint occaecat cupidatat non proident, sunt in culpa qui officia deserunt mollit anim id est laborum.Lorem ipsum dolor sit amet, consectetur adipisicing elit, sed do eiusmod tempor incididunt ut labore et dolore magna aliqua. Ut enim ad minim veniam, quis nostrud exercitation ullamco laboris nisi ut aliquip ex ea commodo consequat. Duis aute irure dolor in reprehenderit in voluptate velit esse cillum dolore eu fugiat nulla pariatur. Excepteur sint occaecat cupidatat non proident, sunt in culpa qui officia deserunt mollit anim id est laborum.Lorem ipsum dolor sit amet, consectetur adipisicing elit, sed do eiusmod tempor incididunt ut labore et dolore magna aliqua. Ut enim ad minim veniam, quis nostrud exercitation ullamco laboris nisi ut aliquip ex ea commodo consequat. Duis aute irure dolor in reprehenderit in voluptate velit esse cillum dolore eu fugiat nulla pariatur. Excepteur sint occaecat cupidatat non proident, sunt in culpa qui officia deserunt mollit anim id est laborum.Lorem ipsum dolor sit amet, consectetur adipisicing elit, sed do eiusmod tempor incididunt ut labore et dolore magna aliqua. Ut enim ad minim veniam, quis nostrud exercitation ullamco laboris nisi ut aliquip ex ea commodo consequat. Duis aute irure dolor in reprehenderit in voluptate velit esse cillum dolore eu fugiat nulla pariatur. Excepteur sint occaecat cupidatat non proident, sunt in culpa qui officia deserunt mollit anim id est laborum.Lorem ipsum dolor sit amet, consectetur adipisicing elit, sed do eiusmod tempor incididunt ut labore et dolore magna aliqua. Ut enim ad minim veniam, quis nostrud exercitation ullamco laboris nisi ut aliquip ex ea commodo consequat. Duis aute irure dolor in reprehenderit in voluptate velit esse cillum dolore eu fugiat nulla pariatur. Excepteur sint occaecat cupidatat non proident, sunt in culpa qui officia deserunt mollit anim id est laborum.Lorem ipsum dolor sit amet, consectetur adipisicing elit, sed do eiusmod tempor incididunt ut labore et dolore magna aliqua. Ut enim ad minim veniam, quis nostrud exercitation ullamco laboris nisi ut aliquip ex ea commodo consequat. Duis aute irure dolor in reprehenderit in voluptate velit esse cillum dolore eu fugiat nulla pariatur. Excepteur sint occaecat cupidatat non proident, sunt in culpa qui officia deserunt mollit anim id est laborum.<img src=\"http://127.0.0.1:8000/storage/uploads/images/03.png\" alt=\"\" width=\"800\" height=\"561\" /></p>','/storage/uploads/images/03.png','my-tenth-blog-post','meta descriptionLorem ipsum dolor sit amet, consectetur adipisicing elit, sed do eiusmod tempor incididunt ut labore et dolore magna aliqua. Ut enim ad minim veniam, quis nostrud exercitation ullamco laboris nisi ut aliquip ex ea commodo consequat. Duis aute irure dolor in reprehenderit in voluptate velit esse cillum dolore eu fugiat nulla pariatur.','meta keyLorem ipsum dolor sit amet, consectetur adipisicing elit, sed do eiusmod tempor incididunt ut labore et dolore magna aliqua. Ut enim ad minim veniam, quis nostrud exercitation ullamco laboris nisi ut aliquip ex ea commodo consequat. Duis aute irure dolor in reprehenderit in voluptate velit esse cillum dolore eu fugiat nulla pariatur.word','PUBLISHED',1,'2017-08-17 12:41:01','2017-08-21 20:16:30',NULL,NULL);
/*!40000 ALTER TABLE `posts` ENABLE KEYS */;
UNLOCK TABLES;

--
-- Table structure for table `project_categories`
--

DROP TABLE IF EXISTS `project_categories`;
/*!40101 SET @saved_cs_client     = @@character_set_client */;
/*!40101 SET character_set_client = utf8mb4 */;
CREATE TABLE `project_categories` (
  `category_id` int(10) unsigned NOT NULL,
  `project_id` int(10) unsigned NOT NULL,
  `created_at` timestamp NULL DEFAULT NULL,
  `updated_at` timestamp NULL DEFAULT NULL,
  PRIMARY KEY (`category_id`),
  KEY `project_categories_project_id_` (`project_id`)
) ENGINE=InnoDB DEFAULT CHARSET=utf8mb4 COLLATE=utf8mb4_unicode_ci;
/*!40101 SET character_set_client = @saved_cs_client */;

--
-- Dumping data for table `project_categories`
--

LOCK TABLES `project_categories` WRITE;
/*!40000 ALTER TABLE `project_categories` DISABLE KEYS */;
INSERT INTO `project_categories` VALUES (5,9,NULL,NULL),(6,9,NULL,NULL);
/*!40000 ALTER TABLE `project_categories` ENABLE KEYS */;
UNLOCK TABLES;

--
-- Table structure for table `projects`
--

DROP TABLE IF EXISTS `projects`;
/*!40101 SET @saved_cs_client     = @@character_set_client */;
/*!40101 SET character_set_client = utf8mb4 */;
CREATE TABLE `projects` (
  `id` int(10) unsigned NOT NULL AUTO_INCREMENT,
  `title` varchar(255) COLLATE utf8mb4_unicode_ci DEFAULT NULL,
  `slug` varchar(500) COLLATE utf8mb4_unicode_ci DEFAULT NULL,
  `content` text COLLATE utf8mb4_unicode_ci,
  `featured_image` varchar(500) COLLATE utf8mb4_unicode_ci DEFAULT NULL,
  `slide_images` longtext COLLATE utf8mb4_unicode_ci,
  `excerpt` text COLLATE utf8mb4_unicode_ci NOT NULL,
  `seo_title` varchar(191) COLLATE utf8mb4_unicode_ci DEFAULT NULL,
  `meta_keyword` longtext COLLATE utf8mb4_unicode_ci,
  `meta_description` longtext COLLATE utf8mb4_unicode_ci,
  `status` varchar(255) COLLATE utf8mb4_unicode_ci NOT NULL DEFAULT 'DRAFT',
  `is_featured` tinyint(3) unsigned NOT NULL DEFAULT '0',
  `client` varchar(255) COLLATE utf8mb4_unicode_ci DEFAULT NULL,
  `due_date` varchar(255) COLLATE utf8mb4_unicode_ci DEFAULT NULL,
  `budget` varchar(255) COLLATE utf8mb4_unicode_ci DEFAULT NULL,
  `duration` varchar(255) COLLATE utf8mb4_unicode_ci DEFAULT NULL,
  `created_by` int(10) unsigned DEFAULT NULL,
  `updated_by` int(10) unsigned DEFAULT NULL,
  `created_at` timestamp NULL DEFAULT NULL,
  `updated_at` timestamp NULL DEFAULT NULL,
  `deleted_at` timestamp NULL DEFAULT NULL,
  `categories` longtext COLLATE utf8mb4_unicode_ci,
  PRIMARY KEY (`id`),
  KEY `projects_slug_index` (`slug`)
) ENGINE=InnoDB AUTO_INCREMENT=10 DEFAULT CHARSET=utf8mb4 COLLATE=utf8mb4_unicode_ci;
/*!40101 SET character_set_client = @saved_cs_client */;

--
-- Dumping data for table `projects`
--

LOCK TABLES `projects` WRITE;
/*!40000 ALTER TABLE `projects` DISABLE KEYS */;
INSERT INTO `projects` VALUES (1,'Constructions Overview','constructions-overview',NULL,'/storage/uploads/images/03.png','\"[\'/storage/uploads/images/03.png\',\'/storage/uploads/images/03.png\']\"','Lorem ipsum dolor sit amet, consectetur adipiscing elit, sed do eiusmod tempor incididunt ut labore et dolore magnaaliqua.','Constructions Overview',NULL,'Lorem ipsum dolor sit amet, consectetur adipiscing elit, sed do eiusmod tempor incididunt ut labore et dolore magnaaliqua.','PUBLISHED',0,NULL,NULL,NULL,NULL,1,NULL,'2017-08-18 15:54:36','2017-08-18 17:41:56','2017-08-18 17:41:56',NULL),(2,'Constructions Overview','constructions-overview',NULL,'','\"[{\\\"src\\\":\\\"/storage/uploads/images/03.png\\\"},{\\\"src\\\":\\\"/storage/uploads/images/03.png\\\"}]\"',NULL,NULL,NULL,NULL,'PUBLISHED',0,NULL,NULL,NULL,NULL,1,NULL,'2017-08-18 16:44:03','2017-08-18 17:42:01','2017-08-18 17:42:01',NULL),(3,'Criminal Law','criminal-law',NULL,'','[{\"src\": \"/storage/uploads/images/03.png\"}, {\"src\": \"/storage/uploads/images/03.png\"}]',NULL,NULL,NULL,NULL,'PUBLISHED',0,NULL,NULL,NULL,NULL,1,NULL,'2017-08-18 17:10:51','2017-08-18 17:42:06','2017-08-18 17:42:06',NULL),(4,'Criminal Law','criminal-law',NULL,'','[\"/storage/uploads/images/03.png\", \"/storage/uploads/images/03.png\"]',NULL,NULL,NULL,NULL,'PUBLISHED',0,NULL,NULL,NULL,NULL,1,NULL,'2017-08-18 17:41:20','2017-08-18 17:42:11','2017-08-18 17:42:11',NULL),(5,'Constructions Overview','constructions-overview','<p>Lorem ipsum dolor sit amet, consectetur adipiscing elit, sed do eiusmod tempor incididunt ut labore et dolore magnaaliqua. Ut enim ad minim veniam, quis nstrud exercitation ullamco laboris nisi ut aliquip ex ea commodoconsequat. Duis aute irure dolor in reprehenderit in voluptate velit esse cillum dolore eu fugiat nullapariatur. Excepteur sint occaecat cupidatat non proident, sunt in culpa.Lorem ipsum dolor sit amet, consecteturadipiscing elit, sed do eiusmod tempor incididunt ut labore et dolore magna aliqua. Ut enim ad minimveniam, quis nstrud exercitation ullamco laboris nisi ut aliquip ex ea commodo consequat. Duis aute irure dolorin reprehenderit in voluptate velit esse cillum dolore eu fugiat nulla pariatur. Excepteur sint occaecat cupidatat non proident, sunt in culpa cupidatat non proident, sunt in culpa.Lorem ipsum dolor sit amet, consectetur adipiscing elit, sed do eiusmod tempor incididunt ut labore.&nbsp;<br /><br />cupidatat non proident, sunt in culpa cupidatat non proident, sunt in culpa.Lorem ipsum dolor sit amet, consectetur adipiscing elit, sed do eiusmod tempor incididunt ut labore.</p>\r\n<p>Excepteur sint occaecat cupidatat non proident, sunt in culpa cupidatat non proident, sunt in culpa.Lorem ipsum dolor sit amet, consectetur adipiscing elit, sed do eiusmod tempor incididunt ut labore. cupidatat non proident, sunt in culpa cupidatat non proident, sunt in culpa.Lorem ipsum dolor sit amet, consectetur adipiscing elit, sed do eiusmod tempor incididunt ut labore.</p>','/storage/uploads/images/project_slide_1.jpg','[\"/storage/uploads/images/fullimage3.jpg\", \"/storage/uploads/images/fullimage1.jpg\", \"/storage/uploads/images/fullimage2.jpg\"]','Excepteur sint occaecat cupidatat non proident, sunt in culpa cupidatat non proident, sunt in culpa.Lorem ipsum dolor sit amet, consectetur adipiscing elit,','Constructions Overview','Excepteur sint occaecat cupidatat non proident, sunt in culpa cupidatat non proident, sunt in culpa.Lorem ipsum dolor sit amet, consectetur adipiscing elit,','Excepteur sint occaecat cupidatat non proident, sunt in culpa cupidatat non proident, sunt in culpa.Lorem ipsum dolor sit amet, consectetur adipiscing elit,','PUBLISHED',1,'Johny Dono','Apr 05, 2017','$ 8,00,000','6 Months',1,NULL,'2017-08-18 17:58:07','2017-08-19 08:43:57',NULL,NULL),(6,'Constructions Building','constructions-building','<p>Lorem ipsum dolor sit amet, consectetur adipiscing elit, sed do eiusmod tempor incididunt ut labore et dolore magnaaliqua. Ut enim ad minim veniam, quis nstrud exercitation ullamco laboris nisi ut aliquip ex ea commodoconsequat. Duis aute irure dolor in reprehenderit in voluptate velit esse cillum dolore eu fugiat nullapariatur. Excepteur sint occaecat cupidatat non proident, sunt in culpa.Lorem ipsum dolor sit amet, consecteturadipiscing elit, sed do eiusmod tempor incididunt ut labore et dolore magna aliqua. Ut enim ad minimveniam, quis nstrud exercitation ullamco laboris nisi ut aliquip ex ea commodo consequat. Duis aute irure dolorin reprehenderit in voluptate velit esse cillum dolore eu fugiat nulla pariatur. Excepteur sint occaecat cupidatat non proident, sunt in culpa cupidatat non proident, sunt in culpa.Lorem ipsum dolor sit amet, consectetur adipiscing elit, sed do eiusmod tempor incididunt ut labore.&nbsp;<br /><br />cupidatat non proident, sunt in culpa cupidatat non proident, sunt in culpa.Lorem ipsum dolor sit amet, consectetur adipiscing elit, sed do eiusmod tempor incididunt ut labore.</p>\r\n<p>Excepteur sint occaecat cupidatat non proident, sunt in culpa cupidatat non proident, sunt in culpa.Lorem ipsum dolor sit amet, consectetur adipiscing elit, sed do eiusmod tempor incididunt ut labore. cupidatat non proident, sunt in culpa cupidatat non proident, sunt in culpa.Lorem ipsum dolor sit amet, consectetur adipiscing elit, sed do eiusmod tempor incididunt ut labore.</p>','/storage/uploads/images/project_slide_2.jpg','[\"/storage/uploads/images/fullimage3.jpg\", \"/storage/uploads/images/fullimage1.jpg\", \"/storage/uploads/images/fullimage2.jpg\"]','Excepteur sint occaecat cupidatat non proident, sunt in culpa cupidatat non proident, sunt in culpa.Lorem ipsum dolor sit amet, consectetur adipiscing elit,',NULL,NULL,NULL,'PUBLISHED',1,'Johny Dono','Apr 05, 2017','$ 8,00,000','6 Months',1,NULL,'2017-08-18 18:57:59','2017-08-18 18:57:59',NULL,NULL),(7,'Apartment Construction','apartment-construction','<p>Lorem ipsum dolor sit amet, consectetur adipiscing elit, sed do eiusmod tempor incididunt ut labore et dolore magnaaliqua. Ut enim ad minim veniam, quis nstrud exercitation ullamco laboris nisi ut aliquip ex ea commodoconsequat. Duis aute irure dolor in reprehenderit in voluptate velit esse cillum dolore eu fugiat nullapariatur. Excepteur sint occaecat cupidatat non proident, sunt in culpa.Lorem ipsum dolor sit amet, consecteturadipiscing elit, sed do eiusmod tempor incididunt ut labore et dolore magna aliqua. Ut enim ad minimveniam, quis nstrud exercitation ullamco laboris nisi ut aliquip ex ea commodo consequat. Duis aute irure dolorin reprehenderit in voluptate velit esse cillum dolore eu fugiat nulla pariatur. Excepteur sint occaecat cupidatat non proident, sunt in culpa cupidatat non proident, sunt in culpa.Lorem ipsum dolor sit amet, consectetur adipiscing elit, sed do eiusmod tempor incididunt ut labore.&nbsp;<br /><br />cupidatat non proident, sunt in culpa cupidatat non proident, sunt in culpa.Lorem ipsum dolor sit amet, consectetur adipiscing elit, sed do eiusmod tempor incididunt ut labore.</p>\r\n<p>Excepteur sint occaecat cupidatat non proident, sunt in culpa cupidatat non proident, sunt in culpa.Lorem ipsum dolor sit amet, consectetur adipiscing elit, sed do eiusmod tempor incididunt ut labore. cupidatat non proident, sunt in culpa cupidatat non proident, sunt in culpa.Lorem ipsum dolor sit amet, consectetur adipiscing elit, sed do eiusmod tempor incididunt ut labore.</p>','/storage/uploads/images/project_slide_3.jpg','[\"/storage/uploads/images/fullimage3.jpg\", \"/storage/uploads/images/fullimage1.jpg\", \"/storage/uploads/images/fullimage2.jpg\"]','Excepteur sint occaecat cupidatat non proident, sunt in culpa cupidatat non proident, sunt in culpa.Lorem ipsum dolor sit amet, consectetur adipiscing elit,',NULL,NULL,NULL,'PUBLISHED',1,'Johny Dono','Apr 05, 2017','$ 8,00,000','6 Months',1,NULL,'2017-08-18 18:59:42','2017-08-18 18:59:42',NULL,NULL),(8,'Public Construction','public-construction','<p>Lorem ipsum dolor sit amet, consectetur adipiscing elit, sed do eiusmod tempor incididunt ut labore et dolore magnaaliqua. Ut enim ad minim veniam, quis nstrud exercitation ullamco laboris nisi ut aliquip ex ea commodoconsequat. Duis aute irure dolor in reprehenderit in voluptate velit esse cillum dolore eu fugiat nullapariatur. Excepteur sint occaecat cupidatat non proident, sunt in culpa.Lorem ipsum dolor sit amet, consecteturadipiscing elit, sed do eiusmod tempor incididunt ut labore et dolore magna aliqua. Ut enim ad minimveniam, quis nstrud exercitation ullamco laboris nisi ut aliquip ex ea commodo consequat. Duis aute irure dolorin reprehenderit in voluptate velit esse cillum dolore eu fugiat nulla pariatur. Excepteur sint occaecat cupidatat non proident, sunt in culpa cupidatat non proident, sunt in culpa.Lorem ipsum dolor sit amet, consectetur adipiscing elit, sed do eiusmod tempor incididunt ut labore.&nbsp;<br /><br />cupidatat non proident, sunt in culpa cupidatat non proident, sunt in culpa.Lorem ipsum dolor sit amet, consectetur adipiscing elit, sed do eiusmod tempor incididunt ut labore.</p>\r\n<p>Excepteur sint occaecat cupidatat non proident, sunt in culpa cupidatat non proident, sunt in culpa.Lorem ipsum dolor sit amet, consectetur adipiscing elit, sed do eiusmod tempor incididunt ut labore. cupidatat non proident, sunt in culpa cupidatat non proident, sunt in culpa.Lorem ipsum dolor sit amet, consectetur adipiscing elit, sed do eiusmod tempor incididunt ut labore.</p>','/storage/uploads/images/project_slide_4.jpg','[\"/storage/uploads/images/fullimage3.jpg\", \"/storage/uploads/images/fullimage1.jpg\", \"/storage/uploads/images/fullimage2.jpg\"]','Excepteur sint occaecat cupidatat non proident, sunt in culpa cupidatat non proident, sunt in culpa.Lorem ipsum dolor sit amet, consectetur adipiscing elit,',NULL,NULL,NULL,'PUBLISHED',1,'Johny Dono','Apr 05, 2017','$ 8,00,000','6 Months',1,NULL,'2017-08-18 19:01:51','2017-08-18 19:01:51',NULL,NULL),(9,'Apartment Construction','apartment-construction-1','<p>Lorem ipsum dolor sit amet, consectetur adipisicing elit, sed do eiusmod tempor incididunt ut labore et dolore magna aliqua. Ut enim ad minim veniam, quis nostrud exercitation ullamco laboris nisi ut aliquip ex ea commodo consequat. Duis aute irure dolor in reprehenderit in voluptate velit esse cillum dolore eu fugiat nulla pariatur. Excepteur sint occaecat cupidatat non proident, sunt in culpa qui officia deserunt mollit anim id est laborum.Lorem ipsum dolor sit amet, consectetur adipisicing elit, sed do eiusmod tempor incididunt ut labore et dolore magna aliqua. Ut enim ad minim veniam, quis nostrud exercitation ullamco laboris nisi ut aliquip ex ea commodo consequat. Duis aute irure dolor in reprehenderit in voluptate velit esse cillum dolore eu fugiat nulla pariatur. Excepteur sint occaecat cupidatat non proident, sunt in culpa qui officia deserunt mollit anim id est laborum.Lorem ipsum dolor sit amet, consectetur adipisicing elit, sed do eiusmod tempor incididunt ut labore et dolore magna aliqua. Ut enim ad minim veniam, quis nostrud exercitation ullamco laboris nisi ut aliquip ex ea commodo consequat. Duis aute irure dolor in reprehenderit in voluptate velit esse cillum dolore eu fugiat nulla pariatur. Excepteur sint occaecat cupidatat non proident, sunt in culpa qui officia deserunt mollit anim id est laborum.Lorem ipsum dolor sit amet, consectetur adipisicing elit, sed do eiusmod tempor incididunt ut labore et dolore magna aliqua. Ut enim ad minim veniam, quis nostrud exercitation ullamco laboris nisi ut aliquip ex ea commodo consequat. Duis aute irure dolor in reprehenderit in voluptate velit esse cillum dolore eu fugiat nulla pariatur. Excepteur sint occaecat cupidatat non proident, sunt in culpa qui officia deserunt mollit anim id est laborum.</p>','/storage/uploads/images/project_slide_2.jpg','[\"/storage/uploads/images/fullimage3.jpg\", \"/storage/uploads/images/fullimage1.jpg\", \"/storage/uploads/images/fullimage2.jpg\"]',NULL,NULL,NULL,NULL,'PUBLISHED',1,'Johny Dono','Apr 05, 2017','$ 8,00,000','6 Months',1,NULL,'2017-08-20 09:08:25','2017-08-20 09:08:25',NULL,NULL);
/*!40000 ALTER TABLE `projects` ENABLE KEYS */;
UNLOCK TABLES;

--
-- Table structure for table `recognitions`
--

DROP TABLE IF EXISTS `recognitions`;
/*!40101 SET @saved_cs_client     = @@character_set_client */;
/*!40101 SET character_set_client = utf8mb4 */;
CREATE TABLE `recognitions` (
  `id` int(10) unsigned NOT NULL AUTO_INCREMENT,
  `title` varchar(255) COLLATE utf8mb4_unicode_ci DEFAULT NULL,
  `slug` varchar(255) COLLATE utf8mb4_unicode_ci DEFAULT NULL,
  `description` text COLLATE utf8mb4_unicode_ci,
  `image` varchar(255) COLLATE utf8mb4_unicode_ci DEFAULT NULL,
  `created_at` timestamp NULL DEFAULT NULL,
  `updated_at` timestamp NULL DEFAULT NULL,
  `is_featured` tinyint(3) unsigned DEFAULT NULL,
  PRIMARY KEY (`id`)
) ENGINE=InnoDB AUTO_INCREMENT=2 DEFAULT CHARSET=utf8mb4 COLLATE=utf8mb4_unicode_ci;
/*!40101 SET character_set_client = @saved_cs_client */;

--
-- Dumping data for table `recognitions`
--

LOCK TABLES `recognitions` WRITE;
/*!40000 ALTER TABLE `recognitions` DISABLE KEYS */;
INSERT INTO `recognitions` VALUES (1,'System Certification','system-certification','System Certification','/storage/uploads/images/certification/recognition_award.jpg','2017-08-22 09:37:36','2017-08-22 09:37:36',1);
/*!40000 ALTER TABLE `recognitions` ENABLE KEYS */;
UNLOCK TABLES;

--
-- Table structure for table `roles`
--

DROP TABLE IF EXISTS `roles`;
/*!40101 SET @saved_cs_client     = @@character_set_client */;
/*!40101 SET character_set_client = utf8mb4 */;
CREATE TABLE `roles` (
  `id` int(10) unsigned NOT NULL AUTO_INCREMENT,
  `name` varchar(191) COLLATE utf8mb4_unicode_ci NOT NULL,
  `display_name` varchar(191) COLLATE utf8mb4_unicode_ci NOT NULL,
  `created_at` timestamp NULL DEFAULT NULL,
  `updated_at` timestamp NULL DEFAULT NULL,
  PRIMARY KEY (`id`),
  UNIQUE KEY `roles_name_unique` (`name`)
) ENGINE=InnoDB AUTO_INCREMENT=3 DEFAULT CHARSET=utf8mb4 COLLATE=utf8mb4_unicode_ci;
/*!40101 SET character_set_client = @saved_cs_client */;

--
-- Dumping data for table `roles`
--

LOCK TABLES `roles` WRITE;
/*!40000 ALTER TABLE `roles` DISABLE KEYS */;
INSERT INTO `roles` VALUES (1,'admin','Administrator','2017-08-11 08:59:35','2017-08-11 08:59:35'),(2,'user','Normal User','2017-08-11 08:59:37','2017-08-11 08:59:37');
/*!40000 ALTER TABLE `roles` ENABLE KEYS */;
UNLOCK TABLES;

--
-- Table structure for table `services`
--

DROP TABLE IF EXISTS `services`;
/*!40101 SET @saved_cs_client     = @@character_set_client */;
/*!40101 SET character_set_client = utf8mb4 */;
CREATE TABLE `services` (
  `id` int(10) unsigned NOT NULL AUTO_INCREMENT,
  `title` varchar(255) COLLATE utf8mb4_unicode_ci DEFAULT NULL,
  `slug` varchar(255) COLLATE utf8mb4_unicode_ci DEFAULT NULL,
  `featured_image` varchar(255) COLLATE utf8mb4_unicode_ci DEFAULT NULL,
  `is_featured` tinyint(4) DEFAULT '0',
  `excerpt` longtext COLLATE utf8mb4_unicode_ci,
  `meta_description` longtext COLLATE utf8mb4_unicode_ci,
  `meta_keyword` longtext COLLATE utf8mb4_unicode_ci,
  `seo_title` longtext COLLATE utf8mb4_unicode_ci,
  `content` text COLLATE utf8mb4_unicode_ci,
  `category_id` int(10) unsigned DEFAULT NULL,
  `created_by` int(10) unsigned DEFAULT NULL,
  `updated_by` int(10) unsigned DEFAULT NULL,
  `created_at` timestamp NULL DEFAULT NULL,
  `updated_at` timestamp NULL DEFAULT NULL,
  `deleted_at` timestamp NULL DEFAULT NULL,
  `status` varchar(255) COLLATE utf8mb4_unicode_ci DEFAULT 'DRAFT',
  PRIMARY KEY (`id`),
  KEY `services_slug_index` (`slug`)
) ENGINE=InnoDB AUTO_INCREMENT=5 DEFAULT CHARSET=utf8mb4 COLLATE=utf8mb4_unicode_ci;
/*!40101 SET character_set_client = @saved_cs_client */;

--
-- Dumping data for table `services`
--

LOCK TABLES `services` WRITE;
/*!40000 ALTER TABLE `services` DISABLE KEYS */;
INSERT INTO `services` VALUES (1,'OUR EXPERTIZE','our-expertize','/storage/uploads/images/service/service_1.jpg',1,'Lorem ipsum dolor sit amet, consectetur adipisicing elit, sed do eiusmod tempor incididunt ut labore et dolore magna aliqua. Ut enim ad minim veniam, quis nostrud exercitation ullamco laboris nisi ut aliquip ex ea commodo consequat.','Lorem ipsum dolor sit amet, consectetur adipisicing elit, sed do eiusmod tempor incididunt ut labore et dolore magna aliqua. Ut enim ad minim veniam, quis nostrud exercitation ullamco laboris nisi ut aliquip ex ea commodo consequat.','Lorem ipsum dolor sit amet, consectetur adipisicing elit, sed do eiusmod tempor incididunt ut labore et dolore magna aliqua. Ut enim ad minim veniam, quis nostrud exercitation ullamco laboris nisi ut aliquip ex ea commodo consequat.','Lorem ipsum dolor sit amet, consectetur adipisicing elit, sed do eiusmod tempor incididunt ut labore et dolore magna aliqua. Ut enim ad minim veniam, quis nostrud exercitation ullamco laboris nisi ut aliquip ex ea commodo consequat.','<p>Lorem ipsum dolor sit amet, consectetur adipisicing elit, sed do eiusmod tempor incididunt ut labore et dolore magna aliqua. Ut enim ad minim veniam, quis nostrud exercitation ullamco laboris nisi ut aliquip ex ea commodo consequat. Duis aute irure dolor in reprehenderit in voluptate velit esse cillum dolore eu fugiat nulla pariatur. Excepteur sint occaecat cupidatat non proident, sunt in culpa qui officia deserunt mollit anim id est laborum.Lorem ipsum dolor sit amet, consectetur adipisicing elit, sed do eiusmod tempor incididunt ut labore et dolore magna aliqua. Ut enim ad minim veniam, quis nostrud exercitation ullamco laboris nisi ut aliquip ex ea commodo consequat. Duis aute irure dolor in reprehenderit in voluptate velit esse cillum dolore eu fugiat nulla pariatur. Excepteur sint occaecat cupidatat non proident, sunt in culpa qui officia deserunt mollit anim id est laborum.Lorem ipsum dolor sit amet, consectetur adipisicing elit, sed do eiusmod tempor incididunt ut labore et dolore magna aliqua. Ut enim ad minim veniam, quis nostrud exercitation ullamco laboris nisi ut aliquip ex ea commodo consequat. Duis aute irure dolor in reprehenderit in voluptate velit esse cillum dolore eu fugiat nulla pariatur. Excepteur sint occaecat cupidatat non proident, sunt in culpa qui officia deserunt mollit anim id est laborum.Lorem ipsum dolor sit amet, consectetur adipisicing elit, sed do eiusmod tempor incididunt ut labore et dolore magna aliqua. Ut enim ad minim veniam, quis nostrud exercitation ullamco laboris nisi ut aliquip ex ea commodo consequat. Duis aute irure dolor in reprehenderit in voluptate velit esse cillum dolore eu fugiat nulla pariatur. Excepteur sint occaecat cupidatat non proident, sunt in culpa qui officia deserunt mollit anim id est laborum.Lorem ipsum dolor sit amet, consectetur adipisicing elit, sed do eiusmod tempor incididunt ut labore et dolore magna aliqua. Ut enim ad minim veniam, quis nostrud exercitation ullamco laboris nisi ut aliquip ex ea commodo consequat. Duis aute irure dolor in reprehenderit in voluptate velit esse cillum dolore eu fugiat nulla pariatur. Excepteur sint occaecat cupidatat non proident, sunt in culpa qui officia deserunt mollit anim id est laborum.</p>\r\n<p><img src=\"http://127.0.0.1:5000/storage/uploads/images/service/service_1.jpg\" alt=\"\" width=\"265\" height=\"144\" /></p>',4,1,NULL,'2017-08-20 07:15:16','2017-08-20 07:53:09',NULL,'DRAFT'),(2,'STRUCTURAL','structural','/storage/uploads/images/service/service_4.jpg',1,'Lorem ipsum dolor sit amet, consectetur adipisicing elit, sed do eiusmod tempor incididunt ut labore et dolore magna aliqua. Ut enim ad minim veniam, quis nostrud exercitation ullamco laboris nisi ut aliquip ex ea commodo consequat',NULL,NULL,NULL,'<p>Lorem ipsum dolor sit amet, consectetur adipisicing elit, sed do eiusmod tempor incididunt ut labore et dolore magna aliqua. Ut enim ad minim veniam, quis nostrud exercitation ullamco laboris nisi ut aliquip ex ea commodo consequat. Duis aute irure dolor in reprehenderit in voluptate velit esse cillum dolore eu fugiat nulla pariatur. Excepteur sint occaecat cupidatat non proident, sunt in culpa qui officia deserunt mollit anim id est laborum.Lorem ipsum dolor sit amet, consectetur adipisicing elit, sed do eiusmod tempor incididunt ut labore et dolore magna aliqua. Ut enim ad minim veniam, quis nostrud exercitation ullamco laboris nisi ut aliquip ex ea commodo consequat. Duis aute irure dolor in reprehenderit in voluptate velit esse cillum dolore eu fugiat nulla pariatur. Excepteur sint occaecat cupidatat non proident, sunt in culpa qui officia deserunt mollit anim id est laborum.Lorem ipsum dolor sit amet, consectetur adipisicing elit, sed do eiusmod tempor incididunt ut labore et dolore magna aliqua. Ut enim ad minim veniam, quis nostrud exercitation ullamco laboris nisi ut aliquip ex ea commodo consequat. Duis aute irure dolor in reprehenderit in voluptate velit esse cillum dolore eu fugiat nulla pariatur. Excepteur sint occaecat cupidatat non proident, sunt in culpa qui officia deserunt mollit anim id est laborum.Lorem ipsum dolor sit amet, consectetur adipisicing elit, sed do eiusmod tempor incididunt ut labore et dolore magna aliqua. Ut enim ad minim veniam, quis nostrud exercitation ullamco laboris nisi ut aliquip ex ea commodo consequat. Duis aute irure dolor in reprehenderit in voluptate velit esse cillum dolore eu fugiat nulla pariatur. Excepteur sint occaecat cupidatat non proident, sunt in culpa qui officia deserunt mollit anim id est laborum.</p>',4,1,NULL,'2017-08-20 07:58:42','2017-08-20 08:05:36',NULL,'PUBLISHED'),(3,'MEP WORKS','mep-works','/storage/uploads/images/service/service_3.jpg',1,'Lorem ipsum dolor sit amet, consectetur adipisicing elit, sed do eiusmod tempor incididunt ut labore et dolore magna aliqua.',NULL,NULL,NULL,'<p>Lorem ipsum dolor sit amet, consectetur adipisicing elit, sed do eiusmod tempor incididunt ut labore et dolore magna aliqua. Ut enim ad minim veniam, quis nostrud exercitation ullamco laboris nisi ut aliquip ex ea commodo consequat. Duis aute irure dolor in reprehenderit in voluptate velit esse cillum dolore eu fugiat nulla pariatur. Excepteur sint occaecat cupidatat non proident, sunt in culpa qui officia deserunt mollit anim id est laborum.Lorem ipsum dolor sit amet, consectetur adipisicing elit, sed do eiusmod tempor incididunt ut labore et dolore magna aliqua. Ut enim ad minim veniam, quis nostrud exercitation ullamco laboris nisi ut aliquip ex ea commodo consequat. Duis aute irure dolor in reprehenderit in voluptate velit esse cillum dolore eu fugiat nulla pariatur. Excepteur sint occaecat cupidatat non proident, sunt in culpa qui officia deserunt mollit anim id est laborum.Lorem ipsum dolor sit amet, consectetur adipisicing elit, sed do eiusmod tempor incididunt ut labore et dolore magna aliqua. Ut enim ad minim veniam, quis nostrud exercitation ullamco laboris nisi ut aliquip ex ea commodo consequat. Duis aute irure dolor in reprehenderit in voluptate velit esse cillum dolore eu fugiat nulla pariatur. Excepteur sint occaecat cupidatat non proident, sunt in culpa qui officia deserunt mollit anim id est laborum.Lorem ipsum dolor sit amet, consectetur adipisicing elit, sed do eiusmod tempor incididunt ut labore et dolore magna aliqua. Ut enim ad minim veniam, quis nostrud exercitation ullamco laboris nisi ut aliquip ex ea commodo consequat. Duis aute irure dolor in reprehenderit in voluptate velit esse cillum dolore eu fugiat nulla pariatur. Excepteur sint occaecat cupidatat non proident, sunt in culpa qui officia deserunt mollit anim id est laborum.</p>',4,1,NULL,'2017-08-20 08:03:24','2017-08-20 08:03:24',NULL,'PUBLISHED'),(4,'EXTERNAL AND LANDSCAPE WORKING','external-and-landscape-working','/storage/uploads/images/service/service_2.jpg',1,'Lorem ipsum dolor sit amet, consectetur adipisicing elit, sed do eiusmod tempor incididunt ut labore et dolore magna aliqua. Ut enim ad minim veniam, quis nostrud exercitation ullamco laboris nisi ut aliquip ex ea commodo consequat.',NULL,NULL,NULL,'<p>Lorem ipsum dolor sit amet, consectetur adipisicing elit, sed do eiusmod tempor incididunt ut labore et dolore magna aliqua. Ut enim ad minim veniam, quis nostrud exercitation ullamco laboris nisi ut aliquip ex ea commodo consequat. Duis aute irure dolor in reprehenderit in voluptate velit esse cillum dolore eu fugiat nulla pariatur. Excepteur sint occaecat cupidatat non proident, sunt in culpa qui officia deserunt mollit anim id est laborum.Lorem ipsum dolor sit amet, consectetur adipisicing elit, sed do eiusmod tempor incididunt ut labore et dolore magna aliqua. Ut enim ad minim veniam, quis nostrud exercitation ullamco laboris nisi ut aliquip ex ea commodo consequat. Duis aute irure dolor in reprehenderit in voluptate velit esse cillum dolore eu fugiat nulla pariatur. Excepteur sint occaecat cupidatat non proident, sunt in culpa qui officia deserunt mollit anim id est laborum.Lorem ipsum dolor sit amet, consectetur adipisicing elit, sed do eiusmod tempor incididunt ut labore et dolore magna aliqua. Ut enim ad minim veniam, quis nostrud exercitation ullamco laboris nisi ut aliquip ex ea commodo consequat. Duis aute irure dolor in reprehenderit in voluptate velit esse cillum dolore eu fugiat nulla pariatur. Excepteur sint occaecat cupidatat non proident, sunt in culpa qui officia deserunt mollit anim id est laborum.Lorem ipsum dolor sit amet, consectetur adipisicing elit, sed do eiusmod tempor incididunt ut labore et dolore magna aliqua. Ut enim ad minim veniam, quis nostrud exercitation ullamco laboris nisi ut aliquip ex ea commodo consequat. Duis aute irure dolor in reprehenderit in voluptate velit esse cillum dolore eu fugiat nulla pariatur. Excepteur sint occaecat cupidatat non proident, sunt in culpa qui officia deserunt mollit anim id est laborum.Lorem ipsum dolor sit amet, consectetur adipisicing elit, sed do eiusmod tempor incididunt ut labore et dolore magna aliqua. Ut enim ad minim veniam, quis nostrud exercitation ullamco laboris nisi ut aliquip ex ea commodo consequat. Duis aute irure dolor in reprehenderit in voluptate velit esse cillum dolore eu fugiat nulla pariatur. Excepteur sint occaecat cupidatat non proident, sunt in culpa qui officia deserunt mollit anim id est laborum.Lorem ipsum dolor sit amet, consectetur adipisicing elit, sed do eiusmod tempor incididunt ut labore et dolore magna aliqua. Ut enim ad minim veniam, quis nostrud exercitation ullamco laboris nisi ut aliquip ex ea commodo consequat. Duis aute irure dolor in reprehenderit in voluptate velit esse cillum dolore eu fugiat nulla pariatur. Excepteur sint occaecat cupidatat non proident, sunt in culpa qui officia deserunt mollit anim id est laborum.</p>',4,1,NULL,'2017-08-20 08:05:10','2017-08-20 08:05:10',NULL,'PUBLISHED');
/*!40000 ALTER TABLE `services` ENABLE KEYS */;
UNLOCK TABLES;

--
-- Table structure for table `settings`
--

DROP TABLE IF EXISTS `settings`;
/*!40101 SET @saved_cs_client     = @@character_set_client */;
/*!40101 SET character_set_client = utf8mb4 */;
CREATE TABLE `settings` (
  `id` int(10) unsigned NOT NULL AUTO_INCREMENT,
  `key` varchar(191) COLLATE utf8mb4_unicode_ci NOT NULL,
  `display_name` varchar(191) COLLATE utf8mb4_unicode_ci NOT NULL,
  `value` text COLLATE utf8mb4_unicode_ci NOT NULL,
  `details` text COLLATE utf8mb4_unicode_ci,
  `type` varchar(191) COLLATE utf8mb4_unicode_ci NOT NULL,
  `order` int(11) NOT NULL DEFAULT '1',
  PRIMARY KEY (`id`),
  UNIQUE KEY `settings_key_unique` (`key`)
) ENGINE=InnoDB AUTO_INCREMENT=14 DEFAULT CHARSET=utf8mb4 COLLATE=utf8mb4_unicode_ci;
/*!40101 SET character_set_client = @saved_cs_client */;

--
-- Dumping data for table `settings`
--

LOCK TABLES `settings` WRITE;
/*!40000 ALTER TABLE `settings` DISABLE KEYS */;
INSERT INTO `settings` VALUES (2,'site_domain','Site Domain','www.pisnoka.com',NULL,'text',0),(3,'site_logo','Site Logo','settings/September2017/S8jgcH3qD8mdpGLgBxuP.png',NULL,'image',1),(4,'site_fb_acc','Facebook Page','https://facebook.com',NULL,'text',2),(5,'site_linked_acc','LinkedIn Url','',NULL,'text',3),(6,'site_twitter_acc','Twitter Url','',NULL,'text',5),(7,'site_copy_right','Site Copy right text','2017  Pisnoka Internatonal Coperation',NULL,'text',6),(8,'company_address','Company Address','No. 51, ST 322, BKK,  PHNOM PENH, CAMBODIA',NULL,'text',7),(9,'company_tel','Company Telephone','+888 23 720 958',NULL,'text',8),(10,'company_email','Company Email','khou_soklay@pisnoka.com',NULL,'text',9),(11,'company_latlng','Company Location','',NULL,'text',10),(12,'company_work_hour','Company Work Hour','Monday - Friday 08:00am ~ 05:00pm',NULL,'text',11),(13,'site_youtube_channel','Youtube Channel','http://youtube.com',NULL,'text',4);
/*!40000 ALTER TABLE `settings` ENABLE KEYS */;
UNLOCK TABLES;

--
-- Table structure for table `sliders`
--

DROP TABLE IF EXISTS `sliders`;
/*!40101 SET @saved_cs_client     = @@character_set_client */;
/*!40101 SET character_set_client = utf8mb4 */;
CREATE TABLE `sliders` (
  `id` int(10) unsigned NOT NULL AUTO_INCREMENT,
  `title` varchar(255) COLLATE utf8mb4_unicode_ci DEFAULT NULL,
  `description` longtext COLLATE utf8mb4_unicode_ci,
  `slogan` varchar(255) COLLATE utf8mb4_unicode_ci DEFAULT NULL,
  `image` varchar(255) COLLATE utf8mb4_unicode_ci DEFAULT NULL,
  `created_at` timestamp NULL DEFAULT NULL,
  `updated_at` timestamp NULL DEFAULT NULL,
  `is_featured` int(11) DEFAULT NULL,
  PRIMARY KEY (`id`)
) ENGINE=InnoDB AUTO_INCREMENT=6 DEFAULT CHARSET=utf8mb4 COLLATE=utf8mb4_unicode_ci;
/*!40101 SET character_set_client = @saved_cs_client */;

--
-- Dumping data for table `sliders`
--

LOCK TABLES `sliders` WRITE;
/*!40000 ALTER TABLE `sliders` DISABLE KEYS */;
INSERT INTO `sliders` VALUES (2,'#1 International Contractor','Our Successful for any projects and Safety which are reason we are a pioneer and experience recognized by most well-known contractor from United State, United Kingdom, Japan, French, Australia, Singapore, and Kingdom of Thailand.','#Trust and #Safety','/storage/uploads/images/slider/sub.jpg','2017-08-19 08:32:48','2017-09-04 11:24:53',1),(5,'#Talent Human Resource.','Our expertise, specialist and more than 2 thousand skilled main power with advance variety of Equipment are ready for common mission is help our contractor client achieve their project with best quality.','One Stop #Service and #Equipment','/storage/uploads/images/slider/slider_img.jpg','2017-09-04 11:29:14','2017-09-04 11:29:14',1);
/*!40000 ALTER TABLE `sliders` ENABLE KEYS */;
UNLOCK TABLES;

--
-- Table structure for table `tagging_tag_groups`
--

DROP TABLE IF EXISTS `tagging_tag_groups`;
/*!40101 SET @saved_cs_client     = @@character_set_client */;
/*!40101 SET character_set_client = utf8mb4 */;
CREATE TABLE `tagging_tag_groups` (
  `id` int(10) unsigned NOT NULL AUTO_INCREMENT,
  `slug` varchar(255) COLLATE utf8mb4_unicode_ci NOT NULL,
  `name` varchar(255) COLLATE utf8mb4_unicode_ci NOT NULL,
  PRIMARY KEY (`id`),
  KEY `tagging_tag_groups_slug_index` (`slug`)
) ENGINE=InnoDB DEFAULT CHARSET=utf8mb4 COLLATE=utf8mb4_unicode_ci;
/*!40101 SET character_set_client = @saved_cs_client */;

--
-- Dumping data for table `tagging_tag_groups`
--

LOCK TABLES `tagging_tag_groups` WRITE;
/*!40000 ALTER TABLE `tagging_tag_groups` DISABLE KEYS */;
/*!40000 ALTER TABLE `tagging_tag_groups` ENABLE KEYS */;
UNLOCK TABLES;

--
-- Table structure for table `tagging_tagged`
--

DROP TABLE IF EXISTS `tagging_tagged`;
/*!40101 SET @saved_cs_client     = @@character_set_client */;
/*!40101 SET character_set_client = utf8mb4 */;
CREATE TABLE `tagging_tagged` (
  `id` int(10) unsigned NOT NULL AUTO_INCREMENT,
  `taggable_id` int(10) unsigned NOT NULL,
  `taggable_type` varchar(255) COLLATE utf8mb4_unicode_ci NOT NULL,
  `tag_name` varchar(255) COLLATE utf8mb4_unicode_ci NOT NULL,
  `tag_slug` varchar(255) COLLATE utf8mb4_unicode_ci NOT NULL,
  PRIMARY KEY (`id`),
  KEY `tagging_tagged_taggable_id_index` (`taggable_id`),
  KEY `tagging_tagged_taggable_type_index` (`taggable_type`),
  KEY `tagging_tagged_tag_slug_index` (`tag_slug`)
) ENGINE=InnoDB AUTO_INCREMENT=81 DEFAULT CHARSET=utf8mb4 COLLATE=utf8mb4_unicode_ci;
/*!40101 SET character_set_client = @saved_cs_client */;

--
-- Dumping data for table `tagging_tagged`
--

LOCK TABLES `tagging_tagged` WRITE;
/*!40000 ALTER TABLE `tagging_tagged` DISABLE KEYS */;
INSERT INTO `tagging_tagged` VALUES (70,1,'TCG\\Voyager\\Models\\Post','Interactive','interactive'),(71,1,'TCG\\Voyager\\Models\\Post','Creative','creative'),(72,1,'TCG\\Voyager\\Models\\Post','Innovative','innovative'),(73,1,'TCG\\Voyager\\Models\\Post','Construction','construction'),(74,1,'TCG\\Voyager\\Models\\Post','Building','building'),(75,1,'TCG\\Voyager\\Models\\Post','Apartment','apartment'),(76,1,'TCG\\Voyager\\Models\\Post','Condo','condo'),(77,4,'TCG\\Voyager\\Models\\Post','Apartment','apartment'),(78,4,'TCG\\Voyager\\Models\\Post','Building','building'),(79,4,'TCG\\Voyager\\Models\\Post','Condo','condo'),(80,4,'TCG\\Voyager\\Models\\Post','Construction','construction');
/*!40000 ALTER TABLE `tagging_tagged` ENABLE KEYS */;
UNLOCK TABLES;

--
-- Table structure for table `tagging_tags`
--

DROP TABLE IF EXISTS `tagging_tags`;
/*!40101 SET @saved_cs_client     = @@character_set_client */;
/*!40101 SET character_set_client = utf8mb4 */;
CREATE TABLE `tagging_tags` (
  `id` int(10) unsigned NOT NULL AUTO_INCREMENT,
  `tag_group_id` int(10) unsigned DEFAULT NULL,
  `slug` varchar(255) COLLATE utf8mb4_unicode_ci NOT NULL,
  `name` varchar(255) COLLATE utf8mb4_unicode_ci NOT NULL,
  `suggest` tinyint(1) NOT NULL DEFAULT '0',
  `count` int(10) unsigned NOT NULL DEFAULT '0',
  PRIMARY KEY (`id`),
  KEY `tagging_tags_slug_index` (`slug`),
  KEY `tagging_tags_tag_group_id_foreign` (`tag_group_id`),
  CONSTRAINT `tagging_tags_tag_group_id_foreign` FOREIGN KEY (`tag_group_id`) REFERENCES `tagging_tag_groups` (`id`)
) ENGINE=InnoDB AUTO_INCREMENT=75 DEFAULT CHARSET=utf8mb4 COLLATE=utf8mb4_unicode_ci;
/*!40101 SET character_set_client = @saved_cs_client */;

--
-- Dumping data for table `tagging_tags`
--

LOCK TABLES `tagging_tags` WRITE;
/*!40000 ALTER TABLE `tagging_tags` DISABLE KEYS */;
INSERT INTO `tagging_tags` VALUES (68,NULL,'interactive','Interactive',0,1),(69,NULL,'creative','Creative',0,1),(70,NULL,'innovative','Innovative',0,1),(71,NULL,'construction','Construction',0,2),(72,NULL,'building','Building',0,2),(73,NULL,'apartment','Apartment',0,2),(74,NULL,'condo','Condo',0,2);
/*!40000 ALTER TABLE `tagging_tags` ENABLE KEYS */;
UNLOCK TABLES;

--
-- Table structure for table `teams`
--

DROP TABLE IF EXISTS `teams`;
/*!40101 SET @saved_cs_client     = @@character_set_client */;
/*!40101 SET character_set_client = utf8mb4 */;
CREATE TABLE `teams` (
  `id` int(10) unsigned NOT NULL AUTO_INCREMENT,
  `firstname` varchar(255) COLLATE utf8mb4_unicode_ci DEFAULT NULL,
  `lastname` varchar(255) COLLATE utf8mb4_unicode_ci DEFAULT NULL,
  `fullname` varchar(255) COLLATE utf8mb4_unicode_ci DEFAULT NULL,
  `position` varchar(255) COLLATE utf8mb4_unicode_ci DEFAULT NULL,
  `avatar_picture` varchar(255) COLLATE utf8mb4_unicode_ci DEFAULT NULL,
  `bio` text COLLATE utf8mb4_unicode_ci,
  `voice` longtext COLLATE utf8mb4_unicode_ci,
  `fb_acc` varchar(255) COLLATE utf8mb4_unicode_ci DEFAULT NULL,
  `ig_acc` varchar(255) COLLATE utf8mb4_unicode_ci DEFAULT NULL,
  `twitter_acc` varchar(255) COLLATE utf8mb4_unicode_ci DEFAULT NULL,
  `gplus_acc` varchar(255) COLLATE utf8mb4_unicode_ci DEFAULT NULL,
  `linked_acc` varchar(255) COLLATE utf8mb4_unicode_ci DEFAULT NULL,
  `created_at` timestamp NULL DEFAULT NULL,
  `updated_at` timestamp NULL DEFAULT NULL,
  `is_featured` tinyint(3) unsigned DEFAULT '0',
  `is_director_msg` tinyint(3) unsigned DEFAULT '0',
  PRIMARY KEY (`id`)
) ENGINE=InnoDB AUTO_INCREMENT=6 DEFAULT CHARSET=utf8mb4 COLLATE=utf8mb4_unicode_ci;
/*!40101 SET character_set_client = @saved_cs_client */;

--
-- Dumping data for table `teams`
--

LOCK TABLES `teams` WRITE;
/*!40000 ALTER TABLE `teams` DISABLE KEYS */;
INSERT INTO `teams` VALUES (1,'Jonh','Doe','Jonh De','Manager','teams/August2017/DnOvIHtROmJv7U7yi9gm.jpg',NULL,NULL,'http://facebook.com','http://facebook.com','http://facebook.com','http://facebook.com','http://facebook.com','2017-08-21 04:36:00','2017-08-21 04:56:54',1,0),(2,'Renita','Renita','Renita','Project Director','teams/August2017/Ey0cpq3o7aBHiCv8sCvY.jpg',NULL,NULL,'http://facebook.com','http://facebook.com','http://facebook.com','http://facebook.com','http://facebook.com','2017-08-21 04:42:36','2017-08-21 04:58:03',1,0),(3,'Steve Makelew','Steve Makelew','Steve Makelew','CEO','teams/August2017/HwcXuKMIJNVt4yXJAyXo.jpg',NULL,NULL,NULL,NULL,NULL,NULL,NULL,'2017-08-21 04:43:41','2017-08-21 04:58:39',1,0),(4,'Jess Parker','Jess Parker','Jess Parker','Business Dev','teams/August2017/akpyeeJ01zGzLjdoUYox.jpg',NULL,NULL,NULL,NULL,NULL,NULL,NULL,'2017-08-21 04:44:13','2017-08-21 05:00:13',1,0),(5,'SOK','SOTHYRA','Mr.SOK SOTHYRA','MANAGING DIRECTOR','teams/September2017/E8I6JiRJnGBmh1FOwd9l.png',NULL,'<p>Pinsoka International Coporation Abbreviated  PLC From It Starting till now was 10 years, By Looking at the past it had quite long term with thousands of obstacles started from scratchs. In 1988, we have all title Capital a few engineer take part in it with very title means and tools. But we tried to do our best against the thousand obstacles till growth and subsequent success to the Present.</p>\r\n\r\n<p>We have started to implement substantial work from small scale to a large scale with many big building. Passing all works with foreigner   technician we became experiments and learn a lot of modern technology from the following international corporation Japan, French, Australia, United Kingdom and Kingdom of Thailand ETC.\r\nWhich is a resource lead to cooperation has its ability to implement small, medium and large projects instead of foreign corporation.</p>',NULL,NULL,NULL,NULL,NULL,'2017-08-22 08:54:04','2017-09-04 12:26:38',1,1);
/*!40000 ALTER TABLE `teams` ENABLE KEYS */;
UNLOCK TABLES;

--
-- Table structure for table `translations`
--

DROP TABLE IF EXISTS `translations`;
/*!40101 SET @saved_cs_client     = @@character_set_client */;
/*!40101 SET character_set_client = utf8mb4 */;
CREATE TABLE `translations` (
  `id` int(10) unsigned NOT NULL AUTO_INCREMENT,
  `table_name` varchar(191) COLLATE utf8mb4_unicode_ci NOT NULL,
  `column_name` varchar(191) COLLATE utf8mb4_unicode_ci NOT NULL,
  `foreign_key` int(10) unsigned NOT NULL,
  `locale` varchar(191) COLLATE utf8mb4_unicode_ci NOT NULL,
  `value` text COLLATE utf8mb4_unicode_ci NOT NULL,
  `created_at` timestamp NULL DEFAULT NULL,
  `updated_at` timestamp NULL DEFAULT NULL,
  PRIMARY KEY (`id`),
  UNIQUE KEY `translations_table_name_column_name_foreign_key_locale_unique` (`table_name`,`column_name`,`foreign_key`,`locale`)
) ENGINE=InnoDB DEFAULT CHARSET=utf8mb4 COLLATE=utf8mb4_unicode_ci;
/*!40101 SET character_set_client = @saved_cs_client */;

--
-- Dumping data for table `translations`
--

LOCK TABLES `translations` WRITE;
/*!40000 ALTER TABLE `translations` DISABLE KEYS */;
/*!40000 ALTER TABLE `translations` ENABLE KEYS */;
UNLOCK TABLES;

--
-- Table structure for table `users`
--

DROP TABLE IF EXISTS `users`;
/*!40101 SET @saved_cs_client     = @@character_set_client */;
/*!40101 SET character_set_client = utf8mb4 */;
CREATE TABLE `users` (
  `id` int(10) unsigned NOT NULL AUTO_INCREMENT,
  `role_id` int(11) DEFAULT NULL,
  `name` varchar(191) COLLATE utf8mb4_unicode_ci NOT NULL,
  `email` varchar(191) COLLATE utf8mb4_unicode_ci NOT NULL,
  `avatar` varchar(191) COLLATE utf8mb4_unicode_ci DEFAULT NULL,
  `password` varchar(191) COLLATE utf8mb4_unicode_ci NOT NULL,
  `remember_token` varchar(100) COLLATE utf8mb4_unicode_ci DEFAULT NULL,
  `created_at` timestamp NULL DEFAULT NULL,
  `updated_at` timestamp NULL DEFAULT NULL,
  PRIMARY KEY (`id`),
  UNIQUE KEY `users_email_unique` (`email`)
) ENGINE=InnoDB DEFAULT CHARSET=utf8mb4 COLLATE=utf8mb4_unicode_ci;
/*!40101 SET character_set_client = @saved_cs_client */;

--
-- Dumping data for table `users`
--

LOCK TABLES `users` WRITE;
/*!40000 ALTER TABLE `users` DISABLE KEYS */;
/*!40000 ALTER TABLE `users` ENABLE KEYS */;
UNLOCK TABLES;
/*!40103 SET TIME_ZONE=@OLD_TIME_ZONE */;

/*!40101 SET SQL_MODE=@OLD_SQL_MODE */;
/*!40014 SET FOREIGN_KEY_CHECKS=@OLD_FOREIGN_KEY_CHECKS */;
/*!40014 SET UNIQUE_CHECKS=@OLD_UNIQUE_CHECKS */;
/*!40101 SET CHARACTER_SET_CLIENT=@OLD_CHARACTER_SET_CLIENT */;
/*!40101 SET CHARACTER_SET_RESULTS=@OLD_CHARACTER_SET_RESULTS */;
/*!40101 SET COLLATION_CONNECTION=@OLD_COLLATION_CONNECTION */;
/*!40111 SET SQL_NOTES=@OLD_SQL_NOTES */;

-- Dump completed on 2017-09-24  9:17:44
